Sequences,IDs,AD-S_Consensus_ProtDCal-AMP_RF,AD-R_Consensus_ProtDCal-AMP_RF,qsar_Score_ProtDCal-AMP_RF,qsar_Result_ProtDCal-AMP_RF,AD-S_Consensus_ProtDCal-AB_RF,AD-R_Consensus_ProtDCal-AB_RF,qsar_Score_ProtDCal-AB_RF,qsar_Result_ProtDCal-AB_RF,RNN-AMP,RNN-ABP
FIGPIISALASLFG,dbAMP_01779,0,IN,0.99,AMP,0,IN,0.97,ABP,AMP,ABP
VIPIVSGLLSSLL,dbAMP_11786,0,IN,0.84,AMP,0,IN,0.81,ABP,AMP,ABP
DCTRWIIGINGRICRD,dbAMP_00990,0,IN,0.68,AMP,0,IN,0.68,ABP,AMP,nonABP
FLPILINLIHKGLL,dbAMP_02059,0,IN,0.95,AMP,0,IN,0.96,ABP,AMP,ABP
INWLKLGKKMMSAL,dbAMP_04824,0,IN,0.92,AMP,0,IN,0.98,ABP,AMP,ABP
FLPLVTMLLGKLF,dbAMP_02137,0,IN,0.73,AMP,0,IN,0.86,ABP,AMP,ABP
FIPLVSGLFSRLL,dbAMP_01808,0,IN,0.78,AMP,0,IN,0.92,ABP,AMP,ABP
KQQLATEAESAGPIL,dbAMP_05248,0,IN,0.83,nonAMP,0,IN,0.92,nonABP,nonAMP,nonABP
FIGALLRPALKLLAGK,dbAMP_01768,0,IN,1.0,AMP,0,IN,0.99,ABP,AMP,ABP
FLPFLAKILTGVL,dbAMP_02002,0,IN,1.0,AMP,0,IN,0.99,ABP,AMP,ABP
GLFDIIKNIVSTL,dbAMP_03284,1,IN,0.97,AMP,0,IN,0.88,ABP,AMP,ABP
NFLGTLINLAKKIM,dbAMP_09683,0,IN,0.86,AMP,0,IN,0.8,ABP,AMP,ABP
GLFDIIKKIAESF,dbAMP_03274,0,IN,0.87,AMP,0,IN,0.71,ABP,AMP,ABP
FFPLLFGALSSMMPKLF,dbAMP_01708,0,IN,0.67,AMP,0,IN,0.7,ABP,AMP,ABP
STNCFCYPCCSCSS,dbAMP_11270,0,IN,1.0,AMP,1,IN,0.97,ABP,AMP,ABP
FLPLVGKILSGLI,dbAMP_02132,0,IN,0.99,AMP,0,IN,1.0,ABP,AMP,ABP
GIHDILKYGAPS,dbAMP_02997,0,IN,0.92,AMP,0,IN,0.88,ABP,AMP,ABP
FLSGIVGMLGKLF,dbAMP_02187,0,IN,0.89,AMP,0,IN,0.95,ABP,AMP,ABP
DWTAWSALVAAACSVELL,dbAMP_01263,0,IN,0.85,AMP,0,IN,0.84,ABP,AMP,ABP
FLFSLIPNAISGLLSAFK,dbAMP_01883,0,IN,0.91,AMP,0,IN,0.95,ABP,AMP,ABP
FIGKLISAASGLLSHL,dbAMP_01774,0,IN,0.85,AMP,0,IN,0.92,ABP,AMP,ABP
FLSIIAKVLGSLF,dbAMP_02190,0,IN,0.96,AMP,0,IN,0.96,ABP,AMP,ABP
GTGLPMSERRKIMLMMR,dbAMP_04121,0,IN,0.84,nonAMP,0,IN,0.82,nonABP,nonAMP,nonABP
HFLGTLVNLAKKIL,dbAMP_04457,0,IN,0.9,AMP,0,IN,0.95,ABP,AMP,ABP
GLLDFAKHVIGIASKLG,dbAMP_03496,0,IN,0.97,AMP,0,IN,0.99,ABP,AMP,ABP
GVARAVARRGVARAVARR,dbAMP_04195,0,IN,0.99,AMP,0,IN,1.0,ABP,AMP,ABP
GFLSILKKVLPKVMAHMK,dbAMP_02655,0,IN,0.99,AMP,0,IN,0.99,ABP,AMP,ABP
FSLFFPYAALKWLRKLLKK,dbAMP_02326,0,IN,0.98,AMP,0,IN,0.99,ABP,AMP,ABP
INMKASAAVAKKLL,dbAMP_04799,0,IN,0.57,AMP,0,IN,0.56,ABP,AMP,nonABP
FLPLIGKVLSGIL,dbAMP_02101,0,IN,0.99,AMP,0,IN,1.0,ABP,AMP,ABP
GFVDFLKKVAGTIANVVT,dbAMP_02703,0,IN,0.81,AMP,0,IN,0.87,ABP,AMP,ABP
GFGSLLGKALKIGTNLL,dbAMP_02596,0,IN,0.84,AMP,0,IN,0.9,ABP,AMP,ABP
FITLLLRKFICSITKKC,dbAMP_01821,0,IN,0.99,AMP,0,IN,1.0,ABP,AMP,ABP
FKVQNQHGQVVKIFHH,dbAMP_01850,0,IN,0.7,AMP,0,IN,0.6,ABP,nonAMP,nonABP
GWKKWFTKGERLSQRHFA,dbAMP_04358,0,IN,0.56,AMP,0,IN,0.54,nonABP,AMP,ABP
KGLKKLLKLLKKLLKL,dbAMP_05035,0,IN,1.0,AMP,0,IN,1.0,ABP,AMP,ABP
DTHISEKIIDCNDIG,dbAMP_01227,0,IN,0.85,nonAMP,0,IN,0.92,nonABP,nonAMP,nonABP
ARDGYIVDEKGCKFACFIN,dbAMP_00502,0,IN,0.58,nonAMP,0,IN,0.63,ABP,nonAMP,nonABP
FPFLLSLIPSAISAIKRL,dbAMP_02268,0,IN,0.89,AMP,0,IN,0.91,ABP,AMP,ABP
FLPLVTGLLSGLL,dbAMP_02136,0,IN,0.96,AMP,0,IN,1.0,ABP,AMP,ABP
AKKPVAKKAAGGVKKPKK,dbAMP_00301,0,IN,1.0,AMP,0,IN,1.0,ABP,AMP,ABP
KDLHTVVSAILQAL,dbAMP_04980,0,IN,0.67,AMP,0,IN,0.64,nonABP,AMP,nonABP
RLFRHAFKAVLRL,dbAMP_10563,0,IN,0.98,AMP,0,IN,1.0,ABP,AMP,ABP
FLPLIAGLIGKLF,dbAMP_02091,0,IN,0.99,AMP,0,IN,1.0,ABP,AMP,ABP
PVVDTTGNNPLQQQEEYYV,dbAMP_10018,0,IN,0.67,AMP,0,IN,0.71,ABP,nonAMP,ABP
KIMAKPSKFYEQLRGR,dbAMP_05096,0,IN,0.64,nonAMP,0,IN,0.67,nonABP,AMP,ABP
GLFDIIKNIFSGL,dbAMP_03283,0,IN,0.97,AMP,0,IN,0.97,ABP,AMP,ABP
GFWGSLWEGVKSVV,dbAMP_02711,0,IN,0.75,AMP,0,IN,0.57,ABP,AMP,ABP
SILPTIVSFLSKVF,dbAMP_11047,0,IN,0.89,AMP,0,IN,0.95,ABP,AMP,ABP
FLSLIPSLVGGSISAFK,dbAMP_02224,0,IN,0.88,AMP,0,IN,0.78,ABP,AMP,ABP
QPDPNAFYGLM,dbAMP_10199,0,IN,0.74,nonAMP,0,IN,0.85,nonABP,nonAMP,nonABP
FLPLILRKIVTAL,dbAMP_02105,0,IN,0.98,AMP,0,IN,0.98,ABP,AMP,ABP
AVPDVAFNAYG,dbAMP_00730,0,IN,0.73,nonAMP,0,IN,0.82,nonABP,nonAMP,nonABP
GWASSIGSILGKFAKGGAQAFLQPK,dbAMP_04321,0,IN,0.85,AMP,0,IN,0.83,ABP,AMP,ABP
GFWGKLFKLGLHGIGLLHLHL,dbAMP_02708,0,IN,0.96,AMP,0,IN,0.95,ABP,AMP,ABP
FFGSLLSLGSKLLPSVFKLFQRKKE,dbAMP_01652,0,IN,0.93,AMP,0,IN,0.93,ABP,AMP,ABP
GFMSKVANFAKKFAKGGVNAIMNQK,dbAMP_02682,0,IN,0.73,AMP,0,IN,0.79,ABP,AMP,ABP
FLPLLLAGLPLKLCFLFKKC,dbAMP_02129,0,IN,1.0,AMP,0,IN,1.0,ABP,AMP,ABP
CVVSSGWKWNYKIRCKLTGNC,dbAMP_00956,0,IN,0.9,AMP,0,IN,0.98,ABP,AMP,ABP
ATRVVYCNRRSGSVVGGDDTVYYEG,dbAMP_00677,0,IN,0.67,nonAMP,0,IN,0.85,nonABP,nonAMP,nonABP
ITSFSLCTPGCAKTGSFNSYCC,dbAMP_04904,0,IN,0.98,AMP,0,IN,0.93,ABP,AMP,ABP
GIFLKVLGVGKKVLCGVSGLC,dbAMP_02825,0,IN,0.98,AMP,0,IN,0.97,ABP,AMP,ABP
GWLPTFGKILRKAMQLGPKLIQPI,dbAMP_04382,0,IN,0.79,AMP,0,IN,0.75,ABP,AMP,ABP
PPHKKKLAVYPVFLFYLFLSWFSLIV,dbAMP_09967,0,IN,0.78,AMP,0,IN,0.94,ABP,nonAMP,nonABP
GLLSKFGRLARKLARVIPKV,dbAMP_03640,0,IN,1.0,AMP,0,IN,0.99,ABP,AMP,ABP
ASITHVKNRGKYIYMHLKFRKTNVLI,dbAMP_00571,0,IN,0.57,nonAMP,0,IN,0.67,nonABP,nonAMP,nonABP
FLPLAVSLAANFLPKLFCKITKKC,dbAMP_02082,0,IN,0.98,AMP,0,IN,1.0,ABP,AMP,ABP
GFLDVVKHIGKAALGAVTHLINQ,dbAMP_02636,0,IN,0.89,AMP,0,IN,0.8,ABP,AMP,ABP
FFGTLFKLGSKLIPGVMKLFSKKKER,dbAMP_01657,0,IN,0.78,AMP,0,IN,0.85,ABP,AMP,ABP
AKAWGIPPHVIPQIVPVRIRPLCGNV,dbAMP_00291,0,IN,0.89,AMP,0,IN,0.8,ABP,nonAMP,ABP
AVAGEKLWLLPHLLKMLLTPTP,dbAMP_00696,0,IN,0.54,nonAMP,0,IN,0.58,ABP,nonAMP,nonABP
GSQLVYREWVGHSNVIKGPP,dbAMP_04096,0,IN,0.57,AMP,0,IN,0.76,nonABP,AMP,nonABP
GLVTGLLKTAGKLLGDLFGSLTG,dbAMP_03792,0,IN,0.78,AMP,0,IN,0.88,ABP,AMP,ABP
FFGWLIKGAIHAGKAIHGLIHRRRH,dbAMP_01658,0,IN,0.99,AMP,0,IN,0.99,ABP,AMP,ABP
FLGSIVGALASALPSLISKIRN,dbAMP_01941,0,IN,0.88,AMP,0,IN,0.88,ABP,AMP,ABP
GTFIKQQRKQKQQRHHTSGTRKRMAK,dbAMP_04117,0,IN,0.59,nonAMP,0,IN,0.7,nonABP,nonAMP,ABP
FFRNLWKGAKAAFRAGHAAWRA,dbAMP_12373,0,IN,0.97,AMP,0,IN,0.93,ABP,AMP,ABP
GGGVIQTISHECRMNSWQFLFTCCS,dbAMP_02728,0,IN,0.88,AMP,0,IN,0.78,ABP,AMP,ABP
FLTGVLKLASKIPSVLCAVLKTC,dbAMP_02242,0,IN,0.97,AMP,0,IN,0.99,ABP,AMP,ABP
FFGSVLKVAAKVLPAALCQIFKKC,dbAMP_01654,0,IN,1.0,AMP,0,IN,1.0,ABP,AMP,ABP
NLCASLRARHTIPQCKKFGRR,dbAMP_09730,0,IN,0.94,AMP,0,IN,1.0,ABP,AMP,ABP
FFGHLFKLATKIIPSFFRRKNQ,dbAMP_12355,0,IN,0.98,AMP,0,IN,0.95,ABP,AMP,ABP
FLGGLIKRPPAMICAVRKKC,dbAMP_01914,0,IN,1.0,AMP,0,IN,0.99,ABP,AMP,ABP
GNGVIKTVSHECKMNTWQFLFTCCS,dbAMP_03898,0,IN,0.88,AMP,0,IN,0.89,ABP,AMP,ABP
FFPLIAGLAARFLPKIFCSITKRC,dbAMP_01704,0,IN,1.0,AMP,0,IN,1.0,ABP,AMP,ABP
GIGKHVGKALKGLKGLLKGLGES,dbAMP_02960,0,IN,0.99,AMP,0,IN,0.97,ABP,AMP,ABP
ILGPVLGLVGNALGGLLKNL,dbAMP_04722,0,IN,0.97,AMP,0,IN,0.93,ABP,AMP,ABP
FWGHIWNAVKRVGANALHGAVTGALS,dbAMP_02400,0,IN,0.87,AMP,0,IN,0.93,ABP,AMP,ABP
FFGRLKAVFRGARQGWKEHRY,dbAMP_12383,0,IN,0.66,AMP,0,IN,0.61,ABP,AMP,ABP
GVWSTILGGLKKFAKGGLDAIVNPK,dbAMP_04309,0,IN,0.87,AMP,0,IN,0.94,ABP,AMP,ABP
KRRGSVTTRYQFLMIHLLRPKKLFA,dbAMP_05294,0,IN,0.58,nonAMP,0,IN,0.55,nonABP,AMP,nonABP
APAHRSSTFPKWVTKTERGRQPLRS,dbAMP_00438,0,IN,0.73,AMP,0,IN,0.83,ABP,AMP,ABP
FLPILASLAATLGPKLLCLITKKC,dbAMP_02053,0,IN,0.99,AMP,0,IN,0.99,ABP,AMP,ABP
CPAIQRCCQQLRNIQPPCRCCQ,dbAMP_00896,0,IN,0.95,AMP,1,IN,0.84,ABP,AMP,ABP
FCTCNVKGFNAKNKRGIIYP,dbAMP_01610,0,IN,0.78,AMP,0,IN,0.81,ABP,AMP,ABP
RIKRFWPVVIRTVVAGYNLYRAIKKK,dbAMP_10501,0,IN,0.97,AMP,0,IN,1.0,ABP,AMP,ABP
PAQPFRFPKHPQGPQTRPPI,dbAMP_09865,0,IN,0.92,AMP,0,IN,0.91,ABP,AMP,ABP
GVIDIIKGAGKDLIAHAIGKLAEKV,dbAMP_04237,0,IN,0.86,AMP,0,IN,0.89,ABP,AMP,ABP
EQEENVVKIQAFWKGYKQRKEYM,dbAMP_01501,0,IN,0.65,nonAMP,0,IN,0.64,nonABP,nonAMP,nonABP
VGRKHSILNCIPYLKKKKIMRL,dbAMP_11756,0,IN,0.78,AMP,0,IN,0.78,ABP,AMP,ABP
IPAMEPAARVKRSPGYGGCSPRWACGGYG,dbAMP_04826,0,IN,0.69,AMP,0,IN,0.64,ABP,nonAMP,ABP
SLWENFKNAGKQFILNILDKIRCRVAGGCRT,dbAMP_11158,0,IN,0.81,AMP,0,IN,0.88,ABP,AMP,ABP
NGVIPCGESCVFIPCISTLLGCSKNKVCYR,dbAMP_09693,0,IN,0.94,AMP,0,IN,0.86,ABP,AMP,ABP
VFIDILDKVENAIHNAAQVGIGFAKPFEKLINPK,dbAMP_11722,0,IN,0.87,AMP,0,IN,0.88,ABP,AMP,ABP
GILDTFKNMALNAAKSAGVSVLNALSCKLSKTC,dbAMP_03046,0,IN,0.69,AMP,0,IN,0.8,ABP,AMP,ABP
GIPCGESCVWIPCLTSAIGCSCKSKVCYKD,dbAMP_03163,0,IN,1.0,AMP,0,IN,0.96,ABP,AMP,ABP
DWTCWSCLVCAACSVELLNLVTAATGASTAS,dbAMP_01265,0,IN,0.94,AMP,0,IN,0.83,ABP,AMP,ABP
DLRFWNPREKLPLPTLPPFNPKPIYIDMGNRY,dbAMP_01140,0,IN,0.72,AMP,0,IN,0.76,ABP,AMP,ABP
SLFSLIKAGAKFLGKNLLKQGACYAACKASKQC,dbAMP_11109,0,IN,0.97,AMP,0,IN,0.95,ABP,AMP,ABP
GLMSTLKDFGKTAAKEIAQSLLSTASCKLAKTC,dbAMP_03688,0,IN,0.67,AMP,0,IN,0.73,ABP,AMP,ABP
GWLKKIGKKIERVGQHTRGLGIAQIAANVAATAR,dbAMP_04377,0,IN,0.88,AMP,0,IN,0.89,ABP,AMP,ABP
MRKEFHNVLSSGQLLADKRPARDYNRK,dbAMP_09060,0,IN,0.74,nonAMP,0,IN,0.75,nonABP,AMP,nonABP
GIMDSVKGVAKNLAAKLLEKLKCKITGC,dbAMP_03101,0,IN,0.87,AMP,0,IN,0.97,ABP,AMP,ABP
AFFARLLASVRAAVKAFAKKPRLIGLSTLL,dbAMP_00174,0,IN,0.98,AMP,0,IN,0.97,ABP,AMP,ABP
FFVLKFLLKWAGKVGLEHLACKFKNWC,dbAMP_01733,0,IN,0.89,AMP,0,IN,0.96,ABP,AMP,ABP
GLIDTIKNMALNAAKSAGVSVLNTLSCKLSKTC,dbAMP_03459,0,IN,0.74,AMP,0,IN,0.83,ABP,AMP,ABP
GLWNSIKIAGKKLFVNVLDKIRCKVAGGCKTSPDVE,dbAMP_03821,0,IN,0.83,AMP,0,IN,0.96,ABP,AMP,ABP
GTRCGETCFVLPCWSAKFGCYCQKGFCYRN,dbAMP_04183,0,IN,0.96,AMP,0,IN,0.9,ABP,AMP,ABP
TWATIGKTIVQSVKKCRTFTCGCSLGSCSNCN,dbAMP_11615,0,IN,0.98,AMP,0,IN,0.93,ABP,AMP,ABP
CGETCFGGTCNTPGCSCTWPICTRDGLPV,dbAMP_00818,0,IN,0.97,AMP,0,IN,0.89,ABP,AMP,ABP
GRFKRFRKKFKKLFKKLSPVIPLLHLG,dbAMP_03977,0,IN,1.0,AMP,0,IN,0.99,ABP,AMP,ABP
GSAIRCGESCLLGKCYTPGCTCDRPICKKN,dbAMP_04042,0,IN,1.0,AMP,0,IN,0.96,ABP,AMP,ABP
ALWFTMLKKLGTMALHAGKAALGAAANTISQGTQ,dbAMP_00369,0,IN,0.6,AMP,0,IN,0.6,ABP,AMP,ABP
GICACRRRFCLNFEQFSGYCRVNGARYVRCCSRR,dbAMP_02786,0,IN,0.91,AMP,0,IN,0.92,ABP,AMP,ABP
SVLGTVKDLLIGAGKSAAQSVLTALSCKLSNSC,dbAMP_11288,0,IN,0.66,AMP,0,IN,0.71,ABP,AMP,ABP
ACGILHDNCVYVPAQNPCCRGLQCRYGKCLVQV,dbAMP_00081,0,IN,0.96,AMP,0,IN,0.9,ABP,AMP,ABP
CGETCFTGTCYTNGCTCDPWPVCTRNGLPV,dbAMP_00819,0,IN,0.96,AMP,0,IN,0.89,ABP,AMP,ABP
NKGCAICSIGAACLVDGPIPDFEIAGATGLFGLWG,dbAMP_09718,1,IN,0.96,AMP,0,IN,0.91,ABP,AMP,ABP
HAEHKVKIGVEQKYGQFPQGTEVTYTCSGNYFLM,dbAMP_04424,0,IN,0.56,nonAMP,0,IN,0.66,nonABP,nonAMP,nonABP
TFPKCAPTRPPGPKPCDINNFKSKFWHIWRA,dbAMP_11417,0,IN,0.81,AMP,0,IN,0.9,ABP,AMP,ABP
GVPCGESCVFIPCITGVIGCSCSSNVCYLN,dbAMP_04285,0,IN,0.97,AMP,1,IN,0.9,ABP,AMP,ABP
IPCGESCVWIPCITAIAGCSCKNKVCYT,dbAMP_04830,0,IN,1.0,AMP,0,IN,0.99,ABP,AMP,ABP
GILDSLKNLAKNAGQILLNKASCKLSGQC,dbAMP_03042,0,IN,0.89,AMP,0,IN,0.94,ABP,AMP,ABP
GWFGKAFRSVSNFYKKHKTYIHAGLSAATLL,dbAMP_04328,0,IN,0.95,AMP,0,IN,0.95,ABP,AMP,ABP
GLMDTIKGVAKNVAASLLEKLKCKVTGC,dbAMP_03671,0,IN,0.86,AMP,0,IN,0.94,ABP,AMP,ABP
GLWSTIKQKGKEAAIAAAKAAGQAALGAL,dbAMP_03861,0,IN,0.84,AMP,0,IN,0.85,ABP,AMP,ABP
CARLNCVPKGTSGNTETCPCYASLHSCRKYG,dbAMP_00784,0,IN,0.86,AMP,0,IN,0.53,ABP,AMP,ABP
FTCNSYACKAHCILQGHKSGSCARINLCKCQR,dbAMP_02340,0,IN,0.99,AMP,0,IN,0.97,ABP,AMP,ABP
GLMDTVKNAAKNLAGQLLDRLKCKITGC,dbAMP_03673,0,IN,0.75,AMP,0,IN,0.9,ABP,AMP,ABP
RRTCRCRFGRCFRRESYSGSCNINGRIFSLCCR,dbAMP_10739,0,IN,0.95,AMP,0,IN,0.93,ABP,AMP,ABP
RTKRRIKLIKNGVKKVKDILKNNNIIILPGSNEK,dbAMP_10810,0,IN,0.51,AMP,0,IN,0.61,ABP,AMP,nonABP
CGESCVWIPCISAALGCSCKNKVCYRNGIP,dbAMP_00815,0,IN,0.99,AMP,0,IN,0.93,ABP,AMP,ABP
ACYCRIPACLAGERRYGTCFYRRRVWAFCC,dbAMP_00124,0,IN,0.97,AMP,0,IN,0.98,ABP,AMP,ABP
GMLKWKNDFFHFLQVWLLISCQNYFVK,dbAMP_03879,0,IN,0.57,nonAMP,0,IN,0.55,nonABP,nonAMP,nonABP
GGTIFDCGETCFLGTCYTPGCSCGNYGFCYGTN,dbAMP_02763,0,IN,0.96,AMP,0,IN,0.73,ABP,AMP,ABP
GWLRKAAKSVGKFYYKHKYYIKAAWQIGKHAL,dbAMP_04386,0,IN,0.94,AMP,0,IN,0.97,ABP,AMP,ABP
SFLDKFKDVAIGVAKGAGTGVLKALLCKLDNSC,dbAMP_10969,0,IN,0.86,AMP,0,IN,0.94,ABP,AMP,ABP
LKIPGFVKDTLKKVAKGIFSAVAGAMTPS,dbAMP_05788,0,IN,0.89,AMP,0,IN,0.93,ABP,AMP,ABP
GTFPCGESCVFIPCLTSAIGCSCKSKVCYKN,dbAMP_04118,0,IN,1.0,AMP,0,IN,0.97,ABP,AMP,ABP
RRSKVRICSRGKNCVSFNDEFIRDHSDGNRFA,dbAMP_10732,0,IN,0.84,AMP,0,IN,0.74,ABP,AMP,ABP
IGPDTKKCVQRKNACHYFECPWLYYSVGTCYKGKGKCCQKRY,dbAMP_04612,0,IN,0.99,AMP,0,IN,0.99,ABP,AMP,ABP
KEICCKELTKPVKCSSDPLCQKLCMEKEKYEDGHCFTILSKCLCMKRCNAKTLATELLA,dbAMP_04986,0,IN,0.92,AMP,0,IN,0.69,ABP,AMP,ABP
MRIHYLLFTFLLVLLSPLAAFSQKINEPVSCIRNGGICQYRCIGLRHKIGTCGSPFKCCK,dbAMP_09029,0,IN,0.98,AMP,0,IN,0.98,ABP,AMP,ABP
AIKLVQSPNGNFAASFVLDGTKWIFKSKYYDSSKGYWVGIYEVWDRK,dbAMP_00247,0,IN,0.83,AMP,0,IN,0.86,ABP,nonAMP,ABP
RRFRRTVGLSKFFRKARKKLGKGLQKIKNVLRKYLPRPQYAYA,dbAMP_12379,0,IN,1.0,AMP,0,IN,1.0,ABP,AMP,ABP
KRRPAKAWSGRRTRLCCHRVPSPNSTNLKGHHVRLCKPCKLEPEPRLWVVPGALPQV,dbAMP_05296,0,IN,0.88,AMP,0,IN,0.9,ABP,AMP,ABP
GVFTLIKGATQLIGKTLGKELGKTGLEIMACKITKQC,dbAMP_04218,0,IN,0.72,AMP,0,IN,0.62,ABP,AMP,ABP
APAGLVAKFGRPIVKKYYKQIMQFIGEGSAINKIIPWIARMWRT,dbAMP_00437,0,IN,0.87,AMP,0,IN,0.91,ABP,nonAMP,ABP
PIRNWWIRIWEWLNGIRKRLRQRSPFYVRGHLNVTSTPQP,dbAMP_09925,1,IN,0.67,AMP,0,IN,0.59,ABP,AMP,ABP
VTCDLLSFKGQVNDSACAANCLSLGKAGGHCEKVGCICRKTSFKDLWDKRF,dbAMP_11928,0,IN,0.99,AMP,0,IN,1.0,ABP,AMP,ABP
MAGFLKVVQLLAKYGSKAVQWAWANKGKILDWLNAGQAIDWVVSKIKQILGIK,dbAMP_06215,0,IN,0.93,AMP,0,IN,0.97,ABP,AMP,ABP
VSFPWSCAALSGVCRQGACLPSELYFGPLGCGKGSLCCVSYFL,dbAMP_11911,0,IN,0.98,AMP,0,IN,0.99,ABP,AMP,ABP
RLGNFFRKAKKKIGRGLKKIGQKIKDFLGNLVPRTES,dbAMP_10571,0,IN,0.94,AMP,0,IN,0.99,ABP,AMP,ABP
RTCESQSHKFKGPCASDHNCASVCQTERFSGGRCRGFRRRCFCTTHC,dbAMP_10790,0,IN,1.0,AMP,0,IN,0.93,ABP,AMP,ABP
MQKLAEAIAAAVSAGQDKDWGKMGTSIVGIVENGITVLGKIFGF,dbAMP_08943,0,IN,0.95,AMP,0,IN,0.92,ABP,AMP,ABP
GIFSSRKCKTPSKTFKGICTRDSNCDTSCRYEGYPAGDCKGIRRRCMCSKPC,dbAMP_02872,0,IN,0.99,AMP,0,IN,0.9,ABP,AMP,ABP
GRLRNLIEKAGQNIRGKIQGIGRRIKDILKNLQPRPQV,dbAMP_04006,0,IN,0.73,AMP,0,IN,0.66,ABP,AMP,ABP
NDPEMQYWTCGYRGLCRRFCHAQEYIVGHHGCPRRYRCCAVRS,dbAMP_09669,0,IN,0.97,AMP,0,IN,0.92,ABP,AMP,ABP
GIFSLFKAGAKFFGKHLLKQAGKAGAEHLACKATNQC,dbAMP_02857,0,IN,0.84,AMP,0,IN,0.92,ABP,AMP,ABP
AAKPMGITCDLLSLWKVGHAACAAHCLVLGDVGGYCTKEGLCVCKE,dbAMP_00045,0,IN,0.94,AMP,0,IN,0.95,ABP,AMP,ABP
ATCDILSFQSQWVTPNHAGCALHCVIKGYKGGQCKITVCHCRR,dbAMP_00600,0,IN,0.98,AMP,0,IN,0.91,ABP,AMP,ABP
HSHACTSYWCGKFCGTASCTHYLCRVLHPGKMCACVHCSR,dbAMP_04521,0,IN,0.99,AMP,0,IN,0.92,ABP,AMP,ABP
DAEFRHDSGYEVHHQKLVFFAEDVGSNKGAIIGLMVGGVVIA,dbAMP_00973,0,IN,0.86,nonAMP,0,IN,0.94,nonABP,nonAMP,nonABP
RRLRPRRPRLPRPRPRPRPRPRSLPLPRPQPRRIPRPILLPWRPPRPIPRPQIQPIPRWL,dbAMP_10713,0,IN,1.0,AMP,0,IN,1.0,ABP,AMP,ABP
DKLIGSCVWGAVNYTSDCNGECKRRGYKGGYCGSFANVNCWRT,dbAMP_01096,0,IN,0.94,AMP,0,IN,0.97,ABP,AMP,ABP
AKRGGFWRKVGRKLGKGIRKIGKTIKSQLGKFRPRLQYRYQF,dbAMP_00311,0,IN,0.99,AMP,0,IN,1.0,ABP,AMP,ABP
LSKFGGECSLKHNTCTYLKGGKNHVVNCGSAANKKCKSDRHHCEYDEHHKRVDCQTPV,dbAMP_06032,0,IN,0.97,AMP,0,IN,0.86,ABP,AMP,ABP
KSCCPNTTGRNIYNTCRLTGSSRETCAKLSGCKIISASTCPSNYPK,dbAMP_05326,0,IN,0.96,AMP,0,IN,0.86,ABP,AMP,ABP
GSKRWRKFEKRVKKIFEETKEALPVVQGVVAVATAVGRR,dbAMP_12376,0,IN,0.72,AMP,0,IN,0.69,ABP,AMP,ABP
LDTIKCLQGNNNCHIQKCPWFLLQVSTCYKGKGRCCQKRRWFARSHVYHV,dbAMP_05643,0,IN,0.99,AMP,0,IN,0.98,ABP,AMP,ABP
EGVRSYLSCWGNRGICLLNRCPGRMRQIGTCLAPRVKCCR,dbAMP_01397,0,IN,0.89,AMP,0,IN,0.88,ABP,AMP,ABP
RHRHCFSQSHKFVGACLRESNCENVCKTEGFPSGECKWHGIVSKCHCKRIC,dbAMP_10462,0,IN,1.0,AMP,0,IN,0.93,ABP,AMP,ABP
ADDKNPLEEFRETNYEVFLEIAKNGLKATSNPKRVVIVGAGMAGLSAAY,dbAMP_00132,0,IN,0.83,nonAMP,0,IN,0.91,nonABP,nonAMP,nonABP
NTCENLAGSYKGVCFGGCDRHCRTQEGAISGRCRDDFRCWCTKNC,dbAMP_09824,0,IN,1.0,AMP,0,IN,0.94,ABP,AMP,ABP
NNEAQCEQAGGICSKDHCFHLHTRAFGHCQRGVPCCRTVYD,dbAMP_09761,0,IN,0.96,AMP,0,IN,0.82,ABP,AMP,ABP
FFGHLYRGITSVVKHVHGLLSGETPRQQEVMKEAMREAMKVQEAMDQEAFDRERALV,dbAMP_01647,0,IN,0.64,AMP,0,IN,0.62,ABP,AMP,nonABP
DFGCARGMIFVCMRRCARMYPGSTGYCQGFRCMCDTMIPIRRPPFIMG,dbAMP_01030,0,IN,0.96,AMP,0,IN,0.85,ABP,AMP,ABP
DICTNCCAGTKGCNTTSANGAFICEGQSDPKKPKACPLNCDPHIAYA,dbAMP_01071,0,IN,0.99,AMP,0,IN,0.8,ABP,AMP,ABP
GYFCPYNGYCDHHCRKKLRWRGGYCGGRWKLTCICVRG,dbAMP_04410,0,IN,0.98,AMP,0,IN,0.94,ABP,AMP,ABP
LIGSLFRGAKAIFRGARQGWRSHKAVSRYRARYVRRPVIYYHRVYP,dbAMP_05777,0,IN,0.98,AMP,0,IN,0.89,ABP,AMP,ABP
APGNKAECEREKGYCGFLKCSFPFVVSGKCSRFFFCCKNIW,dbAMP_00446,0,IN,0.99,AMP,0,IN,0.95,ABP,AMP,ABP
FFGRLKSMWRGARGGLKAYKYQKDMAKMNKRYGPNWQQGGGQEPPADAQANDQPP,dbAMP_01650,0,IN,0.69,nonAMP,0,IN,0.78,nonABP,AMP,ABP
GGYYCPFFQDKCHRHCRSFGRKAGYCGGFLKKTCICV,dbAMP_02772,0,IN,0.94,AMP,0,IN,0.93,ABP,AMP,ABP
SDEKASPDRHHRFSLSRYAKLANRLSKWIGNRGNRLANPKLLETFKSV,dbAMP_10931,0,IN,0.62,nonAMP,0,IN,0.54,nonABP,nonAMP,nonABP
NIGLFTSTCFSSQCFSSKCFTDTCFSSNCFTGRHQCGYTHGSC,dbAMP_09705,0,IN,0.98,AMP,0,IN,0.81,ABP,AMP,ABP
KSCCRNTVARNCYNVCRIPGTPRPVCAATCDCKLITGTKCPPGYEK,dbAMP_05344,0,IN,1.0,AMP,0,IN,0.97,ABP,AMP,ABP
GIFSKFGGKAIKNLFIKGAKNIGKEVGMDVIRTGIDVAGCKIKGEC,dbAMP_02838,0,IN,0.93,AMP,0,IN,0.99,ABP,AMP,ABP
YRGGYTGPIPRPPPIGRPPFRPVCNACYRLSVSDARNCCIKFGSCCHLVK,dbAMP_12270,0,IN,0.99,AMP,0,IN,0.98,ABP,AMP,ABP
FKFGSFIKRMWRSKLAKKLRAKGKELLRDYANRVLSPEEEAAAPAPYPA,dbAMP_12385,0,IN,0.77,AMP,0,IN,0.83,ABP,AMP,ABP
ECELAKVDGGYTPKNCAMAVGGGMLSGAIRGGMSGTVFGVGTGNLAGAFAGAHIGLVAGGLACIGGYLGSH,dbAMP_01287,0,IN,0.86,AMP,0,IN,0.84,ABP,AMP,ABP
AVDFSSCARMDVPGLSKVAQGLCISSCKFQNCGTGHCEKRGGRPTCVCDRCGRGGGEWPSVPMPKGRSSRGRRHS,dbAMP_00701,0,IN,0.98,AMP,0,IN,0.94,ABP,AMP,ABP
METLTVHAPSPSTNLPSYGNGAFSLSAPHVPGAGPLLVQVVYSFFQSPNMCLQALTQLEDYIKKHGASNPLTLQIISTNIGYFCNADRNLVLHPGISVYDAYHFAKPAPSQYDYRSMNMKQMSGNVTTPIVALAHYLWGNGAERSVNIANIGLKISPMKINQIKDIIKSGVVGTFPVSTKFTHATGDYNVITGAYLGNITLKTEGTLTISANGSWTYNGVVRSYDDKYDFNASTHRGIIGESLTRLGAMFSGKEYQILLPGEIHIKESGKRAAHHHHHH,dbAMP_06811,1,IN,0.59,nonAMP,0,IN,0.57,nonABP,nonAMP,nonABP
MKCVMIFLVLTLVVLMAEPGEGFFRHLFRGAKAIFRGARQGWRAHKVVSRYRNRDVPETDNNQEEPYNQR,dbAMP_07790,0,IN,0.64,AMP,0,IN,0.55,ABP,AMP,ABP
MRAVVVLLLVAVASAKVYDRCELARALKASGMDGYAGNSLPNWVCLSKWESSYNTQATNRNTDGSTDYGIFQINSRYWCDDGRTPGAKNVCGIRCSQLLTADLTVAIRCAKRVVLDPNGIGAWVAWRLHCQNQDLRSYVAGCGV,dbAMP_09002,0,IN,0.84,AMP,0,IN,0.83,ABP,AMP,ABP
YLDVKQLANYLLCIGNGQVFNGRKTCQIGCRAVCQQPGCSGYKECEQIPNIRLHKYRCHCNEA,dbAMP_12225,0,IN,0.94,AMP,0,IN,0.89,ABP,AMP,ABP
AAKNKKEKGKKGASDCTEWTWGSCIPNSKDCGAGTREGTCKEETRKLKCKIPCNWKKAFGADCKYKFENWGECNATTGQKVRSGTLKKALYNADCQQTVEATKPCSLKTKSKSKGKKGKGKE,dbAMP_00043,0,IN,0.93,AMP,0,IN,0.9,ABP,AMP,ABP
MVKENKFSKIFILMALSFLGLALFSASLQFLPIAHMAKEFGIPAAVAGTVLNVVEAGGWVTTIVSILTAVGSGGLSLLAAAGRESIKAYLKKEIKKKGKRAVIAW,dbAMP_09573,0,IN,0.81,AMP,0,IN,0.93,ABP,AMP,ABP
RRGKDSGGPKMGRKDSKGCWRGRPGSGSRPGFGSGIAGASGVNHVGTLPASNSTTHPLDNCKISPQ,dbAMP_10661,0,IN,0.84,AMP,0,IN,0.84,ABP,AMP,ABP
MSKLVKTLTVDEISKIQTNGGKPAWCWYTLAMCGAGYDSGTCDYMYSHCFGVKHSSGGGGSYHC,dbAMP_09350,0,IN,0.89,AMP,0,IN,0.9,ABP,AMP,ABP
QVSMPPGYAEKYPITSQFSRSVRHPRDIHDFVTWDREMGGGKVFGTLGESDQGLFGKGGYNREFFNDDRGKLTGQAYGTRVLGPGGDSTSYGGRLDWANENAKAAIDLNRQIGGSAGIEASASGVWDLGKNTHLSAGGVVSKEFGHRRPDVGLQAQITHEW,dbAMP_12368,0,IN,0.87,nonAMP,0,IN,0.91,nonABP,nonAMP,nonABP
MSKKYTQQQYEKYLAQPANNTFGLSPQQVADWFMGQAGARPVINSYGVNASNLVSTYIPKMQEYGVSYTLFLMYTVFEGGGAGNWINHYMYDTGSNGLECLEHDLQYIHGVWETYFPPALSAPECYPATEDNAGALDRFYQSLPGRTWGDVMIPSTMAGNAWVWAYNYCVNNQGAAPLVYFGNPYDSQIDSLLAMGADPFTGGSITGDGKNPSVGTGNATVSASSEANREKLKKALTDLFNNNLEHLSGEFYGNQVLNAMKYGTILKCDLTDDGLNAILQLIADVNLQTNPNPDKPTVQSPGQNDLGSGSDRVAANLANAQAQVGKYIGDGQCYAWVGWWSARVCGYSISYSTGDPMLPLIGDGMNAHSIHLGWDWSIANTGIVNYPVGTVGRKEDLRVGAIWCATAFSGAPFYTGQYGHTGIIESWSDTTVTVLEQNILGSPVIRSTYDLNTFLSTLTGLITFK,dbAMP_09347,2,OUT,0.5,AMP,2,OUT,0.53,nonABP,nonAMP,nonABP
QEFYGNCCLGHVKPMKIKGKRIESYRMQETDGDCHISAVVFLIKKKPSHVKQKTICANPQEAWVQELMAAVDSRNPKN,dbAMP_10071,0,IN,0.74,nonAMP,0,IN,0.61,nonABP,nonAMP,ABP
LIDHLGAPRWAVDTILGAIAVGNLASWVLALVPGPGWAVKAGLATAAAIVKHQGKAAAAAW,dbAMP_05768,0,IN,0.79,AMP,0,IN,0.73,ABP,AMP,ABP
AITCGQVSSALGPCAAYAKGSGTSPSAGCCSGVKRLAGLARSTADKQATCRCLKSVAGAYNAGRAAGIPSRCGVSVPYTISASVDCSKIH,dbAMP_00286,0,IN,0.97,AMP,0,IN,0.96,ABP,AMP,ABP
MSKLVKTLTISEISKAQNNGGKPAWCWYTLAMCGAGYDSGTCDYMYSHCFGIKHHSSGSSSYHC,dbAMP_09349,0,IN,0.96,AMP,0,IN,0.9,ABP,AMP,ABP
TSGKAAKKAGKAQKSITKGDKKKRKESYSIYIYKVLKQVHPDTGISSKAMSIMNSFVNDIFERIAAEASRLAHYNKRSTITSREIQTAVRLLLPGELAKHAVSEGTKAVTKYTSSK,dbAMP_11549,0,IN,0.86,nonAMP,0,IN,0.88,nonABP,nonAMP,nonABP
MSGSHHHHHHSSGIEGRGRSALSCQMCELVVKKYEGSADKDANVIKKDFDAECKKLFHTIPFGTRECDHYVNSKVDPIIHELEGGTAPKDVCTKLNECP,dbAMP_09320,0,IN,0.91,AMP,0,IN,0.9,ABP,AMP,ABP
LASTLGISTAAAKKAIDIIDAASTIASIISLIGIVTGAGAISYAIVATAKTMIKKYGKKYAAAW,dbAMP_05609,0,IN,0.85,AMP,0,IN,0.93,ABP,AMP,ABP
MTGDCMPVLVLMAAVLTVTGAVPVARLRGALPDARGCHIAQFKSLSPQELQAFKRAKDALEESLLLKDCKCRSRLFPRTWDLRQLQVRERPVALEAELALTLKVLEATADTDPALGDVLDQPLHTLHHILSQLRACIQPQPTAGPRTRGRLHHWLHRLQEAPKKESPGCLEASVTFNLFRLLTRDLNCVASGDLCV,dbAMP_09451,0,IN,0.85,AMP,0,IN,0.76,ABP,nonAMP,nonABP
ASVVTELRCQCLQTLQGIHLKNIQSVNVRSPGPHCAQTEVIATLKNGKKACLNPASPMVQKIIEKILNKGSTN,dbAMP_00585,0,IN,0.79,AMP,0,IN,0.77,ABP,AMP,ABP
ISCKAGRVGCFASCQVQNCATGYCRGSTCVCSRCGKGTTPFNKFKIWNQLRVLVQKMVDEERA,dbAMP_04869,0,IN,0.95,AMP,0,IN,0.92,ABP,AMP,ABP
MQIFVKTLTGKTITLEVEPSDTIENVKAKIQDKEGIPPDQQRLIFAGKQLEDGRTLSDYNIQKESTLHLVLRLR,dbAMP_08936,0,IN,0.8,nonAMP,0,IN,0.77,nonABP,AMP,nonABP
MRTLWIMAVLLVGVEGSLFELGKMILQETGKNPAKSYGAYGCNCGVLGRGKPKDATDRCCYVHKCCYKKLTGCDPKKDRYSYSWKDKTIVCGENNPCLKELCECDKAVAICLRENLGTYNKKYRYHLKPFCKKADPC,dbAMP_09258,0,IN,0.99,AMP,0,IN,0.99,ABP,AMP,ABP
GSFTMDDISPSELKTILHSKRANLYYLQHCRVLVNGGRVEYVTDEGRHSHYWNIPIANTTSLLLGTGTSITQAAMRELARAGVLVGFCGGGGTPLFSANEVDVEVSWLTPQSEYRPTEYLQRWVGFWFDEEKRLVAARHFQRARLERIRHSWLEDRVLRDAGFAVDATALAVAVEDSARALEQAPNHEHLLTEEARLSKRLFKLAAQATRYGEFVRAKRGSGGDPANRFLDHGNYLAYGLAATATWVLGIPHGLAVLHGKTRRGGLVFDVADLIKDSLILPQAFLSAMRGDEEQDFRQACLDNLSRAQALDFMIDTLKDVAQRSTVSA,dbAMP_04054,0,IN,0.87,nonAMP,0,IN,0.89,nonABP,nonAMP,nonABP
AVPLAVPLVYMGASVSPAVWNWLLVTFGAAAVAAAAVTVSDNDSHSCANNRGWCRSRCFSHEYIDSWHSDVCGSYDCCRPRY,dbAMP_00731,0,IN,0.92,AMP,0,IN,0.84,ABP,AMP,ABP
MAATHEHSAQWLNNYKKGYGYGPYPLGINGGMHYGVDFFMNIGTPVKAISSGKIVEAGWSNYGGGNQIGLIENDGVHRQWYMHLSKYNVKVGDYVKAGQIIGWSGSTGYSTAPHLHFQRMVNSFSNSTAQDPMPFLKSAGYGKAGGTVTPTPNTGWKTNKYGTLYKSESASFTPNTDIITRTTGPFRSMPQS,dbAMP_06151,1,IN,0.54,AMP,0,IN,0.56,nonABP,nonAMP,ABP
MRIHYLLFALLFLFLVPVPGHGGIINTLQKYYCRVRGGRCAVLSCLPKEEQIGKCSTRGRKCCRRKK,dbAMP_09026,0,IN,0.99,AMP,0,IN,1.0,ABP,AMP,ABP
QGVFEDCCLAYHYPIGWAVLRRAWTYRIQEVSGSCNLPAAIFYLPKRHRKVCGNPKSREVQRAMKLLDARNKVFAKLHHNTQTFQAGPHAVKKLSSGNSKLSSSKFSNPISSSKRNVSLLISANSGL,dbAMP_10093,0,IN,0.94,nonAMP,0,IN,0.78,nonABP,nonAMP,nonABP
KRFTRCGLVNELRKQGFDENLMRDWVCLVENESARYTDKIANVNKNGSRDYGLFQINDKYWCSKGSTPGKDCNVTCSQLLTDDITVASTCAKKIYKRTKFDAWSGWDNHCNHSNPDISSC,dbAMP_05267,0,IN,0.59,AMP,0,IN,0.61,nonABP,AMP,ABP
SLQPGAPNFPMPGSQLPTSITSNIEKQGPNTAATINAQHKTDRYDVGATWSKVIRGPGRSKPNWSIGGTYRW,dbAMP_11143,0,IN,0.86,AMP,0,IN,0.68,ABP,AMP,ABP
MASYKVNIPAGPLWSNAEAQQVGPKIAAAHQGNFTGQWTTVVESAMSVVEVELQVENTGIHEFKTDVLAGPLWSNDEAQKLGPQIAASYGAEFTGQWRTIVEGVMSVIQIKYTF,dbAMP_06507,0,IN,0.59,AMP,0,IN,0.59,ABP,nonAMP,nonABP
HRIVREYIRKFGLKLNEFVQETENGWYFIKNIRKRVGEVKKDPGLLKYPVKPSEAGKSAGQLYQESLGKAVEELKRTNCSYILNKYDTYSTKEYLIKEGNLSPGAVDMIGDLLNEDSGYYVSFIESLKHDDIFAYEKRFDEIVGGMDQLPTSMYRAIEESVRFKARVIKIQQNAEKVTVTYQTTQKNLLLETVDYVIVCTTSRAARRITFKPPLPPKKAHALRSVHYRSGTKIFLTCTKKFWEDDGIQGGKSTTD,dbAMP_04511,1,IN,0.85,nonAMP,0,IN,0.96,nonABP,AMP,ABP
KAVAAKKSPKKAKKPATPKKAAKSPKKVKKPAAAAKKAAKSPKKATKAAKPKAAKPKAAKAKKAAPKKK,dbAMP_04958,1,IN,0.99,AMP,0,IN,0.98,ABP,AMP,ABP
LVNQLGISKSLANTILGAIAVGNLASWVLALVPGPGWATKAALATAETIVKHEGKAAAIAW,dbAMP_06081,0,IN,0.97,AMP,0,IN,0.93,ABP,AMP,ABP
MESKRNKPGKATGKGKPVGDKWLDDAGKDSGAPIPDRIADKLRDKEFKSFDDFRKAVWEEVSKDPELSKNLNPSNKSSVSKGYSPFTPKNQQVGGRKVYELHHDKPISQGGEVYDMDNIRVTTPKRHIDIHRGK,dbAMP_06789,0,IN,0.52,AMP,0,IN,0.61,ABP,nonAMP,nonABP
SQLGDLGSGAGQGGGGGGSIRAAGGAFGKLEAAREEEFFYKKQKEQLERLKNDQIHQAEFHHQQIKEHEEAIQRHKDFLNNLHK,dbAMP_11215,0,IN,0.6,nonAMP,0,IN,0.74,nonABP,AMP,ABP
MAKFASIITLIFAALVLFAAFDAPAMVEAQKLCEKPSGTWSGVCGNSNACKNQCINLEGAKHGSCNYVFPAHKCICYVPC,dbAMP_06264,0,IN,1.0,AMP,0,IN,0.96,ABP,AMP,ABP
GFFGNTWKKIKGKADKIMLKKAVKIMVKKEGISKEEAQAKVDAMSKKQIRLYLLKHYGKKLFKKRPKNCDQ,dbAMP_02521,0,IN,0.94,AMP,0,IN,0.99,ABP,AMP,ABP
NIVFDVENATPETYSNFLTSLREAVKDKKLTCHGMIMATTLTEQPKYVLVDLKFGSGTFTLAIRRGNLYLEGYSDIYNGKCRYRIFKDSESDAQETVCPGDKSKPGTQNNIPYEKSYKGMESKGGARTKLGLGKITLKSRMGKIYGKDATDQKQYQKNEAEFLLIAVQMVTEASRFKYIENKVKAKFDDANGYQPDPKAISLEKNWDSVSKVIAKVGTSGDSTVTLPGDLKDENNKPWTTATMNDLKNDIMALLTHVTCKVK,dbAMP_09715,1,IN,0.81,nonAMP,0,IN,0.9,nonABP,nonAMP,nonABP
APAFSVSPASGASDGQSVSVSVAAAGETYYIAQCAPVGGQDACNPATATSFTTDASGAASFSFTVRKSYAGQTPSGTPVGSVDCATDACNLGAGNSGLNLGHVALTFG,dbAMP_00436,0,IN,0.65,AMP,0,IN,0.61,nonABP,AMP,ABP
MFTMKKSLLFLFFLGTISLSLCEEERSADEDDGGEMTEEEVKRGILDTLKQFAKGVGKDLVKGAAQGVLSTVSCKLAKTC,dbAMP_07242,0,IN,0.99,AMP,0,IN,1.0,ABP,AMP,ABP
MQCNFANSCTGVELYGYILRGDCINEDGHPHATSINLNYYIGNDNGRLEYPGESFGSSCVKTALNDGHTLTASCKGADGQYHDSSMDLNYVVGNSYGYMEPCRASNADHVLKSSSELEHHHHHH,dbAMP_08928,0,IN,0.56,AMP,0,IN,0.62,ABP,nonAMP,nonABP
SLQPGAPKLPYAWSRKQEGWKFDPSLTRGEDGNTLGSINIHHTGRNHEVGANWNKVIRGPGKAKPTYSIHGSWRW,dbAMP_11141,0,IN,0.53,nonAMP,0,IN,0.54,nonABP,AMP,ABP
EVYRSSDYEKEYPIRGLFSKRHPRDVTWDTRMGGGKVFGTLGQNDDGLFGKAGYNREIFNDDRGQLTGQAYGTRVLGPGGDSTNYGGRLDWANKNAQAAIDINRQIGGRSGMTASGSGVWDLDKNTHISAGGMVSKEFGHRRPDVGLQAEIRHEW,dbAMP_12370,0,IN,0.83,nonAMP,0,IN,0.82,nonABP,nonAMP,nonABP
MRLHHLLLALLFLVLSAGSGFTQGVRNSQSCRRNKGICVPIRCPGSMRQIGTCLGAQVKCCRRK,dbAMP_09078,0,IN,0.97,AMP,0,IN,0.94,ABP,AMP,ABP
MRILYLLFSVLFLVLQVSPGLSLPQRDMFLCRIGSCHFGRCPIHLVRVGSCFGFRSCCKSPWDV,dbAMP_09043,0,IN,0.97,AMP,0,IN,0.96,ABP,AMP,ABP
MGPVNEANCKAAMEIVCRREFGHKEEEDASEGVTTGDPDCPFTKAIPREEYANKYGPTIGDKIRLGDTDLIAEIEKDFALYGDESVFGGGKVI,dbAMP_07432,0,IN,0.8,AMP,0,IN,0.5,ABP,AMP,nonABP
ECLADKDNFIEAFHTF,CUTTED257,0,IN,0.75,nonAMP,0,IN,0.85,nonABP,nonAMP,nonABP
YSKIVFLHNDRYI,CUTTED577,0,IN,0.74,nonAMP,0,IN,0.94,nonABP,nonAMP,nonABP
NEVGRGQYSAETS,CUTTED1087,0,IN,0.81,nonAMP,0,IN,0.91,nonABP,nonAMP,nonABP
EAVRIVYDPAVIRYEQ,CUTTED758,0,IN,0.9,nonAMP,0,IN,0.93,nonABP,nonAMP,nonABP
RAKKMKSKKLRKK,CUTTED2334,0,IN,0.76,AMP,1,IN,0.92,ABP,AMP,ABP
DGDDIYYSLDISIA,CUTTED1739,0,IN,0.87,nonAMP,0,IN,0.89,nonABP,nonAMP,nonABP
LYTLHANSTRRDTPVLPE,CUTTED125,0,IN,0.85,nonAMP,0,IN,0.97,nonABP,nonAMP,nonABP
LIFIAALFHDIAKGRGG,CUTTED970,0,IN,0.68,AMP,0,IN,0.67,ABP,nonAMP,ABP
SPCPEWLRNLDSR,CUTTED1916,0,IN,0.54,AMP,0,IN,0.78,nonABP,nonAMP,nonABP
EVLQIKVAQGAKPGEG,CUTTED1749,0,IN,0.86,nonAMP,0,IN,0.82,nonABP,nonAMP,nonABP
LNRAENTQFAP,CUTTED232,0,IN,0.9,nonAMP,0,IN,0.87,nonABP,nonAMP,nonABP
IVNQSLDRVRQYIAKDL,CUTTED2319,0,IN,0.77,nonAMP,0,IN,0.86,nonABP,nonAMP,nonABP
TIISYFGFLFGALTLA,CUTTED176,0,IN,0.57,AMP,0,IN,0.54,ABP,AMP,ABP
IGNATVGEKVNFGAGT,CUTTED2147,0,IN,0.75,nonAMP,0,IN,0.76,nonABP,nonAMP,nonABP
VEFQHADFAAAAAAATAGG,CUTTED805,0,IN,0.79,nonAMP,0,IN,0.86,nonABP,nonAMP,nonABP
PEGGVHYVAGTGGLGP,CUTTED266,0,IN,0.6,nonAMP,0,IN,0.75,nonABP,nonAMP,nonABP
KIFKKMVKLGVVANIHVYN,CUTTED2166,0,IN,0.7,AMP,0,IN,0.7,ABP,AMP,ABP
IAVGCREAGCALIGGET,CUTTED1592,0,IN,0.54,nonAMP,0,IN,0.69,nonABP,nonAMP,nonABP
AAYHSKDKNHLLASA,CUTTED1123,0,IN,0.71,nonAMP,0,IN,0.74,nonABP,nonAMP,nonABP
LKQLETSRYFRCL,CUTTED454,0,IN,0.78,nonAMP,0,IN,0.79,nonABP,nonAMP,nonABP
LKRLMDVKAKYDP,CUTTED980,0,IN,0.77,nonAMP,0,IN,0.66,nonABP,nonAMP,nonABP
DRGGRPQLYVMGA,CUTTED858,0,IN,0.63,nonAMP,0,IN,0.66,nonABP,nonAMP,nonABP
KADAGTKMIVNIAS,CUTTED1189,0,IN,0.86,nonAMP,0,IN,0.89,nonABP,nonAMP,nonABP
AQELRRRAEDYHKCKIPP,CUTTED1385,0,IN,0.63,nonAMP,0,IN,0.54,nonABP,nonAMP,nonABP
NFFTIRDVLSHYDAE,CUTTED1766,0,IN,0.97,nonAMP,0,IN,0.99,nonABP,nonAMP,nonABP
LQNPNGDANHHGG,CUTTED2091,0,IN,0.81,nonAMP,0,IN,0.81,nonABP,nonAMP,nonABP
ERRRELAKLVKKYSE,CUTTED1659,0,IN,0.65,nonAMP,0,IN,0.69,nonABP,nonAMP,nonABP
VGRKYYHPTWKR,CUTTED718,0,IN,0.87,AMP,0,IN,0.85,ABP,AMP,ABP
LDINSPNLTLDHNFRIS,CUTTED1020,0,IN,0.76,nonAMP,0,IN,0.9,nonABP,nonAMP,nonABP
TGPSNSFLANM,CUTTED953,0,IN,0.72,nonAMP,0,IN,0.85,nonABP,nonAMP,nonABP
VIAGKAVALKEAMEPEF,CUTTED1689,0,IN,0.88,nonAMP,0,IN,0.95,nonABP,nonAMP,nonABP
NPGQIWLKRVIAE,CUTTED2188,0,IN,0.6,AMP,0,IN,0.53,nonABP,nonAMP,nonABP
GHVLLNLFNTARRFNMEVQ,CUTTED214,0,IN,0.89,nonAMP,0,IN,0.85,nonABP,nonAMP,nonABP
DDKQIEQIIKF,CUTTED288,0,IN,0.85,nonAMP,0,IN,0.96,nonABP,nonAMP,nonABP
VNVLALNLTLDGRRP,CUTTED95,0,IN,0.64,nonAMP,0,IN,0.86,nonABP,nonAMP,nonABP
RIIEVLEMDISNMP,CUTTED1373,0,IN,0.94,nonAMP,0,IN,0.99,nonABP,nonAMP,nonABP
GTQVFRGTGMDSPYLAA,CUTTED1483,0,IN,0.85,nonAMP,0,IN,0.89,nonABP,nonAMP,nonABP
FQGLDGILEASLDDI,CUTTED2390,0,IN,0.83,nonAMP,0,IN,0.89,nonABP,nonAMP,nonABP
VSIFHGTILFMYVR,CUTTED1915,0,IN,0.65,nonAMP,0,IN,0.78,nonABP,nonAMP,nonABP
MVLPTALILLTILALG,CUTTED2199,0,IN,0.5,AMP,0,IN,0.52,nonABP,nonAMP,nonABP
GKGELIEEEGLLSG,CUTTED1348,0,IN,0.85,nonAMP,0,IN,0.9,nonABP,nonAMP,nonABP
ERILGKLGELVR,CUTTED375,0,IN,0.61,nonAMP,0,IN,0.58,nonABP,nonAMP,nonABP
IASWYESTRQMAK,CUTTED1335,0,IN,0.8,nonAMP,0,IN,0.84,nonABP,nonAMP,nonABP
CSRGELRGIDMDMNHI,CUTTED1079,0,IN,0.9,nonAMP,0,IN,0.96,nonABP,nonAMP,nonABP
KADSALIRDIKDAI,CUTTED392,0,IN,0.8,nonAMP,0,IN,0.75,nonABP,nonAMP,nonABP
TPQSQGTPHTPRL,CUTTED2343,0,IN,0.63,nonAMP,0,IN,0.67,nonABP,nonAMP,ABP
PRDGWWLTNTNDNASDTLG,CUTTED333,0,IN,0.58,nonAMP,0,IN,0.69,nonABP,nonAMP,nonABP
FTVAFDPVFDPLLTAVK,CUTTED864,0,IN,0.53,AMP,0,IN,0.55,ABP,nonAMP,nonABP
ARPGIIIGKKGAEVER,CUTTED1106,0,IN,0.74,nonAMP,0,IN,0.83,nonABP,nonAMP,nonABP
QPFNPEHHQAISQVPT,CUTTED1273,0,IN,0.74,nonAMP,0,IN,0.69,nonABP,nonAMP,nonABP
CNLELLASSDPPVWAS,CUTTED696,0,IN,0.65,nonAMP,0,IN,0.89,nonABP,nonAMP,nonABP
KYHVTSANQYYSGEDFW,CUTTED2225,0,IN,0.83,nonAMP,0,IN,0.92,nonABP,nonAMP,nonABP
LVEEELKNYVEEF,CUTTED46,0,IN,0.83,nonAMP,0,IN,0.88,nonABP,nonAMP,nonABP
QQSHDSQDYSSFKIVLFYCMLIVFLP,CUTTED842,0,IN,0.79,nonAMP,0,IN,0.92,nonABP,nonAMP,nonABP
ISSITLPFVENESRARAVKDQIDAIY,CUTTED1030,0,IN,0.85,nonAMP,0,IN,0.97,nonABP,nonAMP,nonABP
LADQIADKEAADPHDRLASHNT,CUTTED410,0,IN,0.85,nonAMP,0,IN,0.93,nonABP,nonAMP,nonABP
AELRDLLERAIIDTPPVLVR,CUTTED969,0,IN,0.77,nonAMP,0,IN,0.85,nonABP,nonAMP,nonABP
AREAFALAAAKLPLATSFVKRTVMM,CUTTED1731,0,IN,0.56,nonAMP,0,IN,0.62,nonABP,nonAMP,nonABP
SFISEASFQETARVLAKAALRGRIDW,CUTTED2135,0,IN,0.78,nonAMP,0,IN,0.83,nonABP,nonAMP,nonABP
GLLTDKQAGKKGVGGEVLAYVWMT,CUTTED1944,0,IN,0.64,nonAMP,0,IN,0.62,nonABP,AMP,nonABP
EAHKDWQTLNLIFDALLENRL,CUTTED1208,0,IN,0.73,nonAMP,0,IN,0.89,nonABP,nonAMP,nonABP
KNGTTSIHLRGYFFCKCVPGF,CUTTED348,0,IN,0.81,AMP,0,IN,0.89,ABP,AMP,ABP
FYVELHKLGVNIQCFDVGGGLGV,CUTTED645,0,IN,0.55,nonAMP,0,IN,0.73,nonABP,nonAMP,nonABP
IQQGSVFENLRQQSADALAEIGF,CUTTED1298,0,IN,0.86,nonAMP,0,IN,0.93,nonABP,nonAMP,nonABP
SIQNDYDEDDYSYYYRPRRPIPQ,CUTTED426,0,IN,0.65,nonAMP,0,IN,0.76,nonABP,nonAMP,ABP
LTQLYGLKYGTLPLVRRTGGLAD,CUTTED850,0,IN,0.59,nonAMP,0,IN,0.53,ABP,nonAMP,nonABP
IVHQARFFRRQTDSSGKEWW,CUTTED1747,0,IN,0.75,nonAMP,0,IN,0.87,nonABP,nonAMP,nonABP
IMSLTSEQLESGYSKIHRYC,CUTTED515,0,IN,0.88,nonAMP,0,IN,0.91,nonABP,nonAMP,nonABP
PVLEVKARRVGGSNYQVPIEV,CUTTED2063,0,IN,0.86,nonAMP,0,IN,0.89,nonABP,nonAMP,nonABP
TKLEMNGIFLVNKKAGLTSHDIVYQI,CUTTED2203,0,IN,0.95,nonAMP,0,IN,0.92,nonABP,nonAMP,nonABP
YNKSEDGDTPDMKCDDMLTCYM,CUTTED1065,0,IN,0.7,nonAMP,0,IN,0.77,nonABP,nonAMP,nonABP
ASGIYSFLPLGYRVFRKIEQI,CUTTED749,0,IN,0.53,AMP,0,IN,0.55,nonABP,nonAMP,nonABP
FVQRLVQDVADKRMTITPQEAL,CUTTED1146,0,IN,0.91,nonAMP,0,IN,0.97,nonABP,nonAMP,nonABP
NSRLGGSSDVSGHDGQSQVGVGQL,CUTTED752,0,IN,0.8,nonAMP,0,IN,0.94,nonABP,nonAMP,nonABP
QEFLITQHAARLNTISQPISDYSDEV,CUTTED690,0,IN,0.87,nonAMP,0,IN,0.92,nonABP,nonAMP,nonABP
LGFTVAGLGSYSREFAREMR,CUTTED1282,0,IN,0.87,nonAMP,0,IN,0.94,nonABP,nonAMP,nonABP
WYDAIAPDLMAGRDVLVAAHGNSL,CUTTED1276,0,IN,0.9,nonAMP,0,IN,0.88,nonABP,nonAMP,nonABP
YMVGSYGPSAQEYEFVTPVEEAPR,CUTTED2067,0,IN,0.77,nonAMP,0,IN,0.87,nonABP,nonAMP,nonABP
GGKGGSVIFKVDEGLRTLMDFRYNR,CUTTED637,0,IN,0.91,nonAMP,0,IN,0.93,nonABP,nonAMP,nonABP
IEREHQISPGDFPNLKRMQDQLQA,CUTTED2048,0,IN,0.85,nonAMP,0,IN,0.98,nonABP,nonAMP,nonABP
IAATIMLNWYRWTKSAQIIFVAPTKP,CUTTED651,0,IN,0.6,nonAMP,0,IN,0.59,nonABP,nonAMP,nonABP
MWRQGMFVIPFMTRLGIKDSWSGWN,CUTTED1847,0,IN,0.5,AMP,0,IN,0.71,nonABP,AMP,ABP
DNGFGAIMLIFSILSLILAPLAASL,CUTTED1049,0,IN,0.56,nonAMP,0,IN,0.56,nonABP,nonAMP,ABP
AWKVACEFEETACCALKHNT,CUTTED1992,0,IN,0.5,AMP,0,IN,0.53,ABP,AMP,nonABP
VICSVSMEDKVPQFLRNSGTG,CUTTED1321,0,IN,0.91,nonAMP,0,IN,0.95,nonABP,nonAMP,nonABP
CTPLLPIYSTSTGNPYLANNATET,CUTTED1732,0,IN,0.55,nonAMP,0,IN,0.73,nonABP,nonAMP,nonABP
GNVNDNSPLFEKVACQGVISYDFP,CUTTED1644,0,IN,0.75,nonAMP,0,IN,0.91,nonABP,nonAMP,nonABP
IEIPKEMELESMIDHNMYKGI,CUTTED92,0,IN,0.92,nonAMP,0,IN,1.0,nonABP,nonAMP,nonABP
EKIEEGPVTEMNREVYASMFGP,CUTTED275,0,IN,0.98,nonAMP,0,IN,0.99,nonABP,nonAMP,nonABP
IAATTTAEVIQEFVHVRARR,CUTTED309,0,IN,0.83,nonAMP,0,IN,0.93,nonABP,nonAMP,nonABP
GDHNLQVAKTNATQAIDALT,CUTTED644,0,IN,0.8,nonAMP,0,IN,0.94,nonABP,nonAMP,nonABP
LAQPVILEPIMAVEVTTPEDY,CUTTED385,0,IN,0.95,nonAMP,0,IN,0.97,nonABP,nonAMP,nonABP
LSPRKVSTCTDHELENHSMY,CUTTED286,0,IN,0.77,nonAMP,0,IN,0.92,nonABP,nonAMP,nonABP
IAHILSNGEKRTFKNYKIKRSVRDK,CUTTED1688,0,IN,0.56,nonAMP,0,IN,0.59,nonABP,nonAMP,nonABP
TDVTNASRTMLFNIHSLEWDKELC,CUTTED1356,0,IN,0.95,nonAMP,0,IN,0.98,nonABP,nonAMP,nonABP
VLALEYGDEPAMLALELGDTP,CUTTED244,0,IN,0.9,nonAMP,0,IN,0.98,nonABP,nonAMP,nonABP
LYANQTQLTYIINSKYKQTLIHS,CUTTED489,0,IN,0.69,nonAMP,0,IN,0.76,nonABP,nonAMP,nonABP
KDRRLEQTDRVTAEQRKRAS,CUTTED677,0,IN,0.81,nonAMP,0,IN,0.92,nonABP,nonAMP,nonABP
VDEEGFDSFLKLIFGQKRKT,CUTTED1493,0,IN,0.81,nonAMP,0,IN,0.77,nonABP,nonAMP,nonABP
QELQEVLKGEPVNKENIQKLKK,CUTTED1159,0,IN,0.72,nonAMP,0,IN,0.93,nonABP,AMP,nonABP
NPIHFGEFSHAHLDAIYAKGNESGDYEIPANYS,CUTTED1066,0,IN,0.83,nonAMP,0,IN,0.94,nonABP,nonAMP,nonABP
PEHRFSYVNVATVSGRRGAPPRARRPLVVGLD,CUTTED1637,0,IN,0.69,nonAMP,0,IN,0.71,nonABP,nonAMP,nonABP
RRRPQSPASNCMWLEILLASVLGFVIYWFV,CUTTED2383,0,IN,0.77,nonAMP,0,IN,0.75,nonABP,nonAMP,nonABP
ENAIDSKLESNGVVLAARNNNFHQPMLSPPRNN,CUTTED788,0,IN,0.97,nonAMP,0,IN,0.98,nonABP,nonAMP,nonABP
AGMIADGVLINASNPKDFEAAIPLIKKGAEAAG,CUTTED837,0,IN,0.81,nonAMP,0,IN,0.87,nonABP,nonAMP,nonABP
VVTIIGNANPDDKVRTVTPADILAEMSY,CUTTED548,0,IN,0.96,nonAMP,0,IN,0.97,nonABP,nonAMP,nonABP
RGTGRGGGGGGGGGAPRGRYGPPSRRSENRVV,CUTTED41,1,IN,0.53,AMP,0,IN,0.58,ABP,AMP,ABP
FNLTLKTMMGMEWVYHFCPQTAYVMKTDSDMFV,CUTTED1776,0,IN,0.85,nonAMP,0,IN,0.93,nonABP,nonAMP,nonABP
TTTSATLGGWATVNSTDYAKVDGGVIKALDE,CUTTED423,0,IN,0.5,AMP,0,IN,0.56,nonABP,nonAMP,nonABP
HDIELEIKETGTYTHTEEELIYGAKMAWRN,CUTTED1812,0,IN,0.95,nonAMP,0,IN,0.95,nonABP,nonAMP,nonABP
SMLGLVTSSNLIQIYIFWELVGVCSYLLIGFWF,CUTTED2227,0,IN,0.65,nonAMP,0,IN,0.83,nonABP,nonAMP,nonABP
LKAFEARILGREDNHFAPLVIVGSPLKAC,CUTTED2396,0,IN,0.72,nonAMP,0,IN,0.73,nonABP,nonAMP,nonABP
MRRPMLPLIQALHQLGIEIETRGNTTVIK,CUTTED293,0,IN,0.7,nonAMP,0,IN,0.78,nonABP,nonAMP,ABP
KQEVRISKERELMALISTAISESLKEQDL,CUTTED280,0,IN,0.99,nonAMP,0,IN,0.99,nonABP,nonAMP,nonABP
SNIYPIPDYQAEAVATYFKDHNPPYPYYEG,CUTTED477,0,IN,0.75,nonAMP,0,IN,0.88,nonABP,nonAMP,nonABP
PEKPLPNGKGSTESSDYLRVASGPMPVHTTSKR,CUTTED172,0,IN,0.94,nonAMP,0,IN,0.92,nonABP,nonAMP,nonABP
LHPCSDSLDILKALHLLPAAFSPFIWVQVFAEPSN,CUTTED2079,0,IN,0.63,nonAMP,0,IN,0.87,nonABP,nonAMP,nonABP
CGDFFTLQAEDIADCVGLYDRAALIALPPQMRA,CUTTED1399,0,IN,0.88,nonAMP,0,IN,0.84,nonABP,nonAMP,nonABP
LHATVPTHPPIILPLDLSDLNSIGGKVQS,CUTTED389,0,IN,0.61,nonAMP,0,IN,0.72,nonABP,nonAMP,nonABP
KLKLLGTDCDHEAMTGQEALARLMQGY,CUTTED972,0,IN,0.94,nonAMP,0,IN,0.93,nonABP,nonAMP,nonABP
QFNLVPRMDVVSNVLHGTLNRRSTLATVFN,CUTTED2194,0,IN,0.9,nonAMP,0,IN,0.92,nonABP,nonAMP,nonABP
KGLTAPGLSRDSETGEYRMSHRISPDG,CUTTED2123,0,IN,0.94,nonAMP,0,IN,0.99,nonABP,nonAMP,nonABP
AIGTGAKAQKDNAVVIGDQAEASFEGGVAIG,CUTTED121,0,IN,0.88,nonAMP,0,IN,0.93,nonABP,nonAMP,nonABP
AEKDLFETFVTEVENLAKEREKTLNMIDKTAFI,CUTTED1643,0,IN,0.95,nonAMP,0,IN,0.98,nonABP,nonAMP,nonABP
CISLVVLVALATAASGQLSSTFYDTSCPRALVA,CUTTED1075,0,IN,0.5,AMP,0,IN,0.64,nonABP,nonAMP,nonABP
TVSIKINPKINLSTPIYVGGIGNAGSNKD,CUTTED1547,0,IN,0.51,AMP,0,IN,0.56,ABP,AMP,ABP
SQILLKAVAYEGINVSTTQSPYYSTAILST,CUTTED2093,0,IN,0.81,nonAMP,0,IN,0.85,nonABP,nonAMP,nonABP
LKEGFYPEPNFVTHVFKNRGNEYDKVKVFS,CUTTED871,0,IN,0.76,nonAMP,0,IN,0.78,nonABP,nonAMP,nonABP
LSAAMGMAIARDLKGTDEYIVPIIGDGALTGGMAL,CUTTED1614,0,IN,0.79,nonAMP,0,IN,0.81,nonABP,nonAMP,nonABP
KVLEQLLETVEVPLPEAVVKAEVDAALHDAVHGLD,CUTTED2232,0,IN,0.6,nonAMP,0,IN,0.77,nonABP,nonAMP,nonABP
HKAFPNNLCWMHPTDAKKRGLRHGDKVKLITRRG,CUTTED1299,0,IN,0.56,AMP,0,IN,0.73,ABP,AMP,nonABP
DLIARVGLEALADRYPAELSGGQKQRVG,CUTTED1861,0,IN,0.84,nonAMP,0,IN,0.93,nonABP,nonAMP,nonABP
QTTDYQDTVNMLNSLLNAQGVQPTQPPAF,CUTTED1297,0,IN,0.85,nonAMP,0,IN,0.91,nonABP,nonAMP,nonABP
AGENFWLIPTAEVPLTNLVRESILAEDELP,CUTTED1463,0,IN,0.83,nonAMP,0,IN,0.88,nonABP,nonAMP,nonABP
YAWTQEQAVLYNGIILAALGVEAVVIFLGVKLLS,CUTTED895,0,IN,0.62,nonAMP,0,IN,0.7,nonABP,nonAMP,nonABP
YVSLSMFGYKADGVGIRRFRTLNGCIDYTFS,CUTTED1324,0,IN,0.9,nonAMP,0,IN,0.89,nonABP,nonAMP,nonABP
KPSNNRIHRFKEFLQHNGFVTTVRKTRGDDIDA,CUTTED713,0,IN,0.72,nonAMP,0,IN,0.84,nonABP,nonAMP,nonABP
LQKVVEDGKQSELEAMCRDWPFFSTRLGMLEM,CUTTED2153,0,IN,0.74,nonAMP,0,IN,0.76,nonABP,nonAMP,nonABP
HERDMPYLEKMVQGVKEMGMETCMTLG,CUTTED1718,0,IN,0.92,nonAMP,0,IN,0.95,nonABP,nonAMP,nonABP
ADSGHVHTIVDDFLSVTALDDPANIADIN,CUTTED1443,0,IN,0.83,nonAMP,0,IN,0.84,nonABP,nonAMP,nonABP
ARKPRLIILDEATSALTRSDVEKVFAVLKRLRAEG,CUTTED338,0,IN,0.76,nonAMP,0,IN,0.78,nonABP,nonAMP,nonABP
NWVVRYFPPLGSIMILERMQSRFVDFLKTYKCS,CUTTED602,0,IN,0.83,nonAMP,0,IN,0.68,nonABP,nonAMP,nonABP
THGLNVYINGNLPDGAGLSSSASLEML,CUTTED2023,0,IN,0.84,nonAMP,0,IN,0.92,nonABP,nonAMP,nonABP
GGSKSAALNTAVDAIFNAGITIVVAAGNE,CUTTED245,0,IN,0.68,nonAMP,0,IN,0.61,nonABP,nonAMP,nonABP
FSMLVAAIQFRRLTETLNREGAYTVFAPTNE,CUTTED1957,0,IN,0.95,nonAMP,0,IN,0.96,nonABP,nonAMP,nonABP
PLVGADLAVMEADTQRMRGGRPYVFTSLRRGD,CUTTED894,0,IN,0.94,nonAMP,0,IN,0.94,nonABP,nonAMP,nonABP
NNTFMKQDRLCKLSLLTNMLMCDVLTDTCRFT,CUTTED421,0,IN,0.68,nonAMP,0,IN,0.84,nonABP,nonAMP,nonABP
CNCGGSCTCTNCSCKSCKKSCCPCCPSGCT,CUTTED1043,0,IN,0.97,AMP,1,IN,0.99,ABP,AMP,ABP
QMSQQLTFKQLEKAQQGDSFDWEAVKKQVKYDD,CUTTED2271,0,IN,0.74,nonAMP,0,IN,0.85,nonABP,nonAMP,nonABP
YVLAIEKLLGIEPPIRAKYIRTMFDEITR,CUTTED404,0,IN,0.92,nonAMP,0,IN,0.9,nonABP,nonAMP,nonABP
NNNELTTNSNMCDKNNDFSDEFFNNINENDLLYDNKYYRQIFKN,CUTTED2246,0,IN,0.84,nonAMP,0,IN,0.94,nonABP,nonAMP,nonABP
NTKKQILEKSSSTPPQVTVATLCSYFQNFVRVLLTDSQGNLSSFEDH,CUTTED2450,0,IN,0.84,nonAMP,0,IN,0.94,nonABP,nonAMP,nonABP
LKAMFVDYSMPELEVFESPVANYRMRAEFRIWHEGDDMY,CUTTED1833,0,IN,0.99,nonAMP,0,IN,0.97,nonABP,nonAMP,nonABP
GYGFANVPISVKEQWGVLISYYLRNSYNLRLVNLLIDSRRGIKE,CUTTED1366,0,IN,0.65,nonAMP,0,IN,0.73,nonABP,nonAMP,nonABP
NDGGVPISNYVVEMRQTDSTTWVELATTVIRTTYKAT,CUTTED2150,0,IN,0.93,nonAMP,0,IN,0.93,nonABP,nonAMP,nonABP
RRLLCDAYMCMYQSPTMSLYKVKIGTYELLKGDFSVMKITKITTYR,CUTTED2262,0,IN,0.91,nonAMP,0,IN,0.88,nonABP,nonAMP,nonABP
GGDLVAVGGKVALLPIPLGTADFLVHHIHAFTIHVTVLILLKGVLFARSSRLIPDKANLG,CUTTED1408,0,IN,0.52,AMP,0,IN,0.57,ABP,nonAMP,nonABP
GAIKGAVIGGTGGAILGKMKMGTSALWALWLLLALCWAPRESGAT,CUTTED2010,0,IN,0.6,AMP,0,IN,0.66,ABP,nonAMP,nonABP
DDEGFGGGGGFGGDRGDRGDRGDRGERSFGGEGMPSVK,CUTTED2357,0,IN,0.8,nonAMP,0,IN,0.86,nonABP,nonAMP,nonABP
IIPSVEICKKTVKDLLSFEEDLGKRDWEAWLRLINMM,CUTTED1091,0,IN,0.65,AMP,0,IN,0.57,ABP,nonAMP,nonABP
SGPSNKLVNTTVIVYDKRFINLKRRRKTMLEAVAGRK,CUTTED308,0,IN,0.85,nonAMP,0,IN,0.8,nonABP,nonAMP,nonABP
ERMFAQDPTKAERMKVYYQHLNQVRIEMINNLKATQAQIAVQKKAIL,CUTTED2122,0,IN,0.9,nonAMP,0,IN,0.99,nonABP,nonAMP,nonABP
SITSIQAVYVPADDLTDPAPATTFSHLDATTVLSRNLAAKGIYPAVDPL,CUTTED1099,0,IN,0.73,nonAMP,0,IN,0.78,nonABP,nonAMP,nonABP
NAKTDEYVDMLKAGIIDPKKVTRVALENAASVAGMILTTE,CUTTED1818,0,IN,0.89,nonAMP,0,IN,0.97,nonABP,nonAMP,nonABP
CHGMVYNDLLQNPLIVPVKVLRGHAIHRDLGVLDVTFHPTQPWVFSSGAD,CUTTED13,0,IN,0.92,nonAMP,0,IN,0.95,nonABP,nonAMP,nonABP
AEGQCWQSDWRLSESEAVAARECNLENICQTLLQLGQMNPNTPPTP,CUTTED869,0,IN,0.7,nonAMP,0,IN,0.89,nonABP,nonAMP,nonABP
MWASIFGGKGNTNKELPKKAIIELREHINLLSKKQAHLQGQ,CUTTED1464,0,IN,0.54,nonAMP,0,IN,0.63,nonABP,nonAMP,nonABP
GKDEYIKIETDEFSAVCPFSGLPDIGRVIIEYYPDGGKIVELKSLKYYF,CUTTED501,0,IN,0.69,nonAMP,0,IN,0.64,nonABP,nonAMP,nonABP
DAPQSAFLRQYRALSQLPACIAPKPHLYLRDWMVVDYLPGAVKTYL,CUTTED253,0,IN,0.88,nonAMP,0,IN,0.87,nonABP,nonAMP,nonABP
KKIALKFIFIDQLELPPRIYNCLKKSNIHTLLDLLNNSQE,CUTTED1546,0,IN,0.58,nonAMP,0,IN,0.63,nonABP,nonAMP,nonABP
SNRHKDLGEAAASMMNPLIIKLGGVLLDSEEALERLF,CUTTED1177,0,IN,0.97,nonAMP,0,IN,0.98,nonABP,nonAMP,nonABP
QDALIKTCEKAGITLTLFHGRGGSIGRGGAPAHAALLSQ,CUTTED2241,0,IN,0.6,nonAMP,0,IN,0.74,nonABP,AMP,nonABP
KKIFTNIGEMVFKMHEGEIIHGDLTTANILIKDDKPIFIDFGLGKYSNLLEDKGTDL,CUTTED1700,0,IN,0.97,nonAMP,0,IN,0.99,nonABP,nonAMP,nonABP
AMETLQMKEAALVYLDRSGGLQKFIDDCKSYNDSKQSYAVYRFS,CUTTED2315,0,IN,0.89,nonAMP,0,IN,0.98,nonABP,nonAMP,nonABP
CAGAPSSVRRRFGSTVNSRLTQTGDKPSAIKNGISAGLSSGKAPSSAELLNR,CUTTED2005,0,IN,0.61,AMP,0,IN,0.6,ABP,nonAMP,ABP
RALWKQAGIKGFYRGCGITVLRSAPSSAFIFMVYDGLKKYFPMAMADQLTDEQIAEFKEA,CUTTED755,0,IN,0.87,nonAMP,0,IN,0.77,nonABP,nonAMP,nonABP
YVTPEEFEHYKYIAYSKGFLVVASSPLTRSSYHAEED,CUTTED1906,0,IN,0.84,nonAMP,0,IN,0.91,nonABP,nonAMP,nonABP
SAKEQELIDLTARACDAIGIEGWGRLDVMQDEQGRFW,CUTTED2084,0,IN,0.91,nonAMP,0,IN,0.93,nonABP,nonAMP,nonABP
RIVGEGAYSRLKFESGGHRVQRVPETESQGRIHTSACTVAVMP,CUTTED2041,0,IN,0.85,nonAMP,0,IN,0.86,nonABP,nonAMP,nonABP
LTLEQQWVSKEGLIQHRLSTASFSDLCATERWGEPPPGNPRDAGLQM,CUTTED1402,0,IN,0.61,nonAMP,0,IN,0.52,nonABP,nonAMP,nonABP
LDANRAWTPLKGQQFAKYVNPDYRHRIAFLEEPCKTRDDSR,CUTTED2314,0,IN,0.77,nonAMP,0,IN,0.87,nonABP,nonAMP,nonABP
TPEAAAEACDKIGGTEWVVKAQVHAGGRGKAGGVKLV,CUTTED2046,1,IN,0.53,nonAMP,0,IN,0.53,ABP,AMP,ABP
KYRPRKKPKVDPSASKPASLAQSPEKSPKSRSAGKKCPKLK,CUTTED1617,1,IN,0.67,AMP,0,IN,0.7,ABP,AMP,ABP
ASRINDAAGRYIEFCKSSVPTSTDFSGLKLVIDCAHGATYKVAPSVF,CUTTED402,0,IN,0.51,AMP,0,IN,0.51,nonABP,nonAMP,nonABP
LQESDAAPLPLSCHLAAHRALQGRSRGGLSGCPERGLSDHS,CUTTED461,0,IN,0.67,nonAMP,0,IN,0.8,nonABP,nonAMP,nonABP
PRKKVYEQALMVRKVKSYLEGLHVVDNEMELDSMSYDIEPQVQTAHRGANSSSTA,CUTTED2031,0,IN,0.98,nonAMP,0,IN,0.99,nonABP,nonAMP,nonABP
TVHHPNAEEFLRRDCRNVANFFRRQGADADGDSLYEFVTGDEGEDGDGDEMA,CUTTED2016,0,IN,0.9,nonAMP,0,IN,0.94,nonABP,nonAMP,nonABP
IELSDFVRGNEKARERMKAQYSIAGMTSGVVVGTDHA,CUTTED117,0,IN,0.89,nonAMP,0,IN,0.89,nonABP,nonAMP,nonABP
DFHVRMATLDQRKAELERKEYQLQESLLKFDRFLKENDARRERAEQKAAS,CUTTED1800,0,IN,0.93,nonAMP,0,IN,0.97,nonABP,nonAMP,nonABP
YGIVSTDRDDHMIFHLGMSGRWRTEGGEPGKHDHLLLETGAGHR,CUTTED1719,0,IN,0.94,nonAMP,0,IN,0.92,nonABP,nonAMP,nonABP
IAIINSNVKHDLVTGEYNSRRQECEFAAQFFGVKALRDVSP,CUTTED1953,0,IN,0.73,nonAMP,0,IN,0.86,nonABP,nonAMP,nonABP
AGEKAQEFEAFERFGLSVGVSTGNYERDGARLADNDIVVATSEKVDSLVRNG,CUTTED1218,0,IN,0.75,nonAMP,0,IN,0.92,nonABP,nonAMP,nonABP
RCALTNAASVSSLMLTTETMIAEAPKKESAAPAMPGHDGMGGMGGM,CUTTED613,0,IN,0.75,nonAMP,0,IN,0.73,nonABP,nonAMP,nonABP
LDDPKYGHYKYWSNPLETKLPEAPEMEMYCLYGVGIPTERSYIYKLA,CUTTED1448,0,IN,0.93,nonAMP,0,IN,0.93,nonABP,nonAMP,nonABP
FNVEIIIKPESSRISISSFNTIKLEVAYNALNKIIEA,CUTTED2323,0,IN,0.88,nonAMP,0,IN,0.89,nonABP,nonAMP,nonABP
PVDIYLPGCPPKPEAIIDAIIKLREKIAQEISEDRNE,CUTTED1103,0,IN,0.62,nonAMP,0,IN,0.61,nonABP,nonAMP,nonABP
AHSEVNPNTRVMNSRGIWLSYVLAIGLLHVVLLSIPFVSVPVVWTLTNLIHNLGM,CUTTED195,0,IN,0.53,AMP,0,IN,0.59,ABP,nonAMP,nonABP
REGILVGCGSGSILIQELQLEGRKRLPTAEFLAGFRLEPGT,CUTTED615,0,IN,0.72,nonAMP,0,IN,0.84,nonABP,nonAMP,nonABP
FTQPLTNRSIIAGYNAILCCAVRGSPKPKISWFKNGLDLGEDARFRMFCKQGVLTL,CUTTED2413,0,IN,0.68,nonAMP,0,IN,0.7,nonABP,nonAMP,nonABP
ITIMHRDNIKRLLAGKERKLNEKSRMARVTVEDCLDKVETRFDLVVLASMRANKILKNGYSESMENEKKEKATVVALREIAESEITPEQILRNEIE,CUTTED1326,0,IN,0.98,nonAMP,0,IN,0.97,nonABP,nonAMP,nonABP
RADELYVSPGLALATPALQQAHARGAKLSGDIELFARYAKAPVIAITGSNAKSTVTTLVGEMAAAAGKRVAVGGNLGTPALDLLSDDVELYVMELSSFQ,CUTTED1454,0,IN,0.99,nonAMP,0,IN,0.99,nonABP,nonAMP,nonABP
RLVGVSTALDMILTGKQLRARQALKAGLVDDVVPQTILLEAAVELAKKERLAQRTLPVRERILAGPLGRALLFRLVRKKTAQKTQGNYPATERIIDVIETGLAQG,CUTTED191,0,IN,0.94,nonAMP,0,IN,0.85,nonABP,nonAMP,nonABP
VDWLIKNAKDAIDKLDVLPAWQPTAGGAGAGNAAAPPSSSTHPDSAENSDDQAQAITVAHTAFDFAGGGSGGTSFLPPSLDSDAIADTIKSFFPMGGTAGGEASSSTTAAQSSAMGFQSYTPDLLSRTGSQSQELRLSLQSLPDPMFHHQQHRHGGGGGGGNGTTQQALFSGAANYSFGGGAMWATEQQAQNQRMLPWNVPDPGGGGGAAYLFNVSQQAAHMQAAAAALGGHQSQFFFQRGPLQSSNQPSERGWPETVEADNQMSHHQGGLSPSVSAAIGFAAPGIGFSGFRLPARIQGDEEHNGGGGGNGDKPPPPSSVSSASHHYSPALNKMFCQLAKTCPVYLRISSPPPPGTRVRAMAIYKKSEFMTEVVRRCPHHERCSDSSDGLAPPQHLIRVEGNLRAEY,CUTTED965,1,IN,0.77,nonAMP,2,OUT,0.84,nonABP,nonAMP,nonABP
RGRWQLEAAGPPSMVLSPADKSNVKATWDKIGSHAGEYGGEALERTFASFPTTKTYFPHFDL,CUTTED1462,0,IN,0.94,nonAMP,0,IN,0.93,nonABP,nonAMP,nonABP
YTSQLSALETLLKQHSGPIVFAGDFNSWSEYRITAMKQALREANLREVQFSPDHRTQFITGLPLDHVFYRGLTLKNA,CUTTED744,0,IN,0.98,nonAMP,0,IN,0.95,nonABP,nonAMP,nonABP
MALPLLKPALESDEALAARVETIHRELVASMFLCGAARIRDMRRARLFITGRTRQMMDDGNPAMSTQPAPPPEAPSNLLHVQFKNPEFLSYLSHLQSTGQVSLGRDSSCAKFDPAHPLTEHNVMAYF,CUTTED173,0,IN,0.73,nonAMP,0,IN,0.7,nonABP,nonAMP,nonABP
AEMRENARAEGRPPRYDGRWRDRDISEAPKGVKPVIRIKAPQDGETVLHDRVQGDVRFPNKDLDDFIILRSDGSPTYMHAVVVDDHDMGVTHIIRGDDHLTNAARQTIIFNALGWDIPVMAHIPLIHGENGAKLSKRHGALGVDAYRIMGYLPAALRNYLVRLGWSHGDDELMSIESMIFWFDIDDINKSAARFDLKKLDAINGHYIRMNNDQDLFDAVLNILPEIEGGLEIIERLDEQRRAQFLAAIPNLKERSKTLRELIDNASFIFTKRPLLLDEKAQILLDKNGQAILNGL,CUTTED841,1,IN,0.92,nonAMP,1,IN,0.94,nonABP,nonAMP,nonABP
RYRCLALKGFHPDPEALKGFHPDPDALKGFHPDPEALKGFHPDPEALKGFHPDPEALKGFHPDPEALKGIHPDPEALKGIHPDPEALKGF,CUTTED110,1,IN,0.59,AMP,0,IN,0.58,nonABP,nonAMP,nonABP
ELKLFPASTSDGSAYKAPGTFMNQGYTQLSAPELKETKTSKLNKMNNFRSSPIAEIINKIPPDCGKIQNTTFPEFNPALRRRQHEQWPAYEKPIRVTDSMSPQ,CUTTED893,0,IN,0.95,nonAMP,0,IN,1.0,nonABP,nonAMP,nonABP
HNLVQLAERAGMNVQILRNKLNPSQPHLLTAPEIWLLTDLTEDSTLVDGFLAQIHCLPCVPINEVAKEKLPHYVMSATAEIGRVAAGAVSGDVK,CUTTED1235,0,IN,1.0,nonAMP,0,IN,0.99,nonABP,nonAMP,nonABP
LADVTDRLLGLELDRGDLVTAFGGGVVGDLAGFAAAIYKRGIDFIQIPTTLLAQVDSSVGGKTAIDTPRGKNLVGAFHQPRLVLADL,CUTTED2081,0,IN,0.67,nonAMP,0,IN,0.75,nonABP,nonAMP,nonABP
TGADMACPSLACCLLGLLALTSACYIQNCPLGGKRAALDLDMRKCLPCGPGGKGRCFGPSICC,CUTTED1851,0,IN,0.9,AMP,0,IN,0.78,ABP,AMP,ABP
SKSTRVGLIACGYADGYPRRAPSNSPVAVDGKLTRVIGRISMDMMTIELDASQEGLGHEVELWGD,CUTTED2409,0,IN,0.97,nonAMP,0,IN,0.95,nonABP,nonAMP,nonABP
MVRLREIPRTATFAWSPGPTQPLIATGTKAGAVDADFSNDTQLELWELKLDDAEQGVELQPVATVSVDSRFNDIAWSQPSEQHPRGIIAGALDSGALVLWDA,CUTTED2116,0,IN,0.53,nonAMP,0,IN,0.6,ABP,AMP,nonABP
NKKDLAVNDHGLTCPSTTDCSDRCSDYINPEHKKTIKALQDAGYLKMSHPALTRLRALRYFDAIPALEPHLLDWLLLEDSMTKRFEQQGKRVSVTLIREAFVGQSEVEEASGLLPSESRYWLREILLCADGEPWLAGRTVVPESTLCGPEQVLQHLGKTPLGRYLFTSSTLTRDFIEIGRDATLWGRRSRLR,CUTTED1683,0,IN,0.87,nonAMP,0,IN,0.95,nonABP,nonAMP,nonABP
QAEVDKFRRDHAMTVAGNNVPSPVETFDEAGFPRYVMDEVKAQGFPAPTAIQSQGWPMALSGRDVVGIAETGSGKTLTYCLPAIVHIN,CUTTED561,0,IN,0.93,nonAMP,0,IN,0.94,nonABP,nonAMP,nonABP
MDDFAQEIATCSSRNGNPAPQIMWYRNGQPLAVPLEVNSEGYMTTRTVREASGLLSLTSTLYLRLHKPDREASFHCSVHYYLPAGQHGRLD,CUTTED2174,0,IN,0.53,nonAMP,0,IN,0.58,ABP,AMP,nonABP
HIMTSKKQELQHFPSSLAFLNLTQNDFACTCEHQSFLQWIKDQRQLLVEVERMECATPSDKQGMPVLSLNITCQMNKTIIGVSVLSVLVVSVVAVLVYKFYFHLMLLAGCIKYGRGENVYDAFVIYSSQDEDWV,CUTTED364,0,IN,0.81,nonAMP,0,IN,0.97,nonABP,nonAMP,nonABP
FESDRGSLTIESVNPARGTVKFQGIDSVDEAKKYTNAYLYSDEETTKKSFPLGEDEYFWFDILGCDVFEEGKRLGKVVDIQRLP,CUTTED10,0,IN,0.71,nonAMP,0,IN,0.72,nonABP,nonAMP,nonABP
EEILGKVDVDVKVEGGGFMGQAEAARIAIARALVEWTGDMNLKEKFMKYDRTMLVGDSRRTEPHKPNRSTKGPRAKRQKSYRMIRIEDIISLAKRKGFVFQSSEVYGGLSGVWDYGPLGIELKQNIQKEWWKNMVYSHENVVGLDSSILMRSEVWTASGHVESFAELLVDCKNCKNRFKIDSIDFSKGCPNCNSMGTFTDPRSFDLMFKTNIGAVEDSSNEIYLRPETAQG,CUTTED2391,0,IN,0.89,nonAMP,0,IN,0.95,nonABP,nonAMP,nonABP
LVMGRYAKEPDNPAKSCKARGSNLRVHFKNTRETALAIKRMPLRRAQKFLKNVCEKKECVPFRRFNGGVGRCAQAKHWNTSVGRWPKKSAEFLLQLLKNAEANADYRGLDVDRLVVDHIQ,CUTTED1761,0,IN,0.54,nonAMP,0,IN,0.75,nonABP,AMP,nonABP
LFIQVKGKKSRHQKEDSLSWSNSAYLSLDDDAFTAPFHRDGMLSLKQLLSFLSITDFQLPDE,CUTTED2028,0,IN,0.95,nonAMP,0,IN,0.97,nonABP,nonAMP,nonABP
GRNFGVKINANIGNSAVTSSIEEEVEKLVWAIRWGADNVMDLSTGRNIHTTRDWIVRNSPVPIGT,CUTTED1152,0,IN,0.94,nonAMP,0,IN,0.96,nonABP,nonAMP,nonABP
KAEAANGNGPVDAVYQAINRITDYNVELVKYSLTAKGHGKDALGQVDIVANYNGRRFHGVGLATDIVESSAKAMVHVLNNIWRAA,CUTTED2433,0,IN,0.88,nonAMP,0,IN,0.83,nonABP,nonAMP,nonABP
GKQWLSGEELLVDKAQLLTLTAPEMTVLVGGLRVLGANANGSKHGVFTAQTETLSNDFFVNLLDMGVAWTPVDKGEHTFEGRDRKSGAVKWTATRADLIFGSHSQLRALAEVYASSDAKQKFVKDFV,CUTTED164,0,IN,0.98,nonAMP,0,IN,0.96,nonABP,nonAMP,nonABP
PGEAAETDSELSASSEEEELYLGPSGPTRGRPTGLRVAGEAAETDSDTEPEPKAAPRDLPPLVVQRETAGETWGE,CUTTED405,0,IN,0.66,nonAMP,0,IN,0.77,nonABP,nonAMP,nonABP
IISSTPTLAAGLNLPARRVIIRSYRRYSSDSGMQPIPVLEYKQMAGRAGRPRLDPYGEAVLLAKSYEEFVFLFEKYIEAGAEDIWSKLGTENALRTHILSTI,CUTTED111,0,IN,0.99,nonAMP,0,IN,0.96,nonABP,nonAMP,nonABP
DLFWAAGDQQARGFLIGGTSGKTTLNGEGLQHGDGHSHIQALTIPNCISYNPAYAYELAVIVHDGLQRMYGPSQENIYYYITTMNENYVM,CUTTED771,0,IN,0.61,nonAMP,0,IN,0.66,nonABP,nonAMP,nonABP
LLLEILAILSMILGNLIAITQTSMKRMLAYSSIGQIGYVIIGIIVGDSNDGYASMITYMLFYISMNLGTFACIVLFGLRTGTDNIRDY,CUTTED791,0,IN,0.91,nonAMP,0,IN,0.97,nonABP,nonAMP,nonABP
TRSLASIKRAREKEKRKLVSQVPEKVYREVTIPEVIGVGDLANAMSERVADVIKELMKLGILA,CUTTED1002,0,IN,0.92,nonAMP,0,IN,0.91,nonABP,nonAMP,nonABP
MGERQSWHSYIPYTDRIEYLGGCVNEMPYVLAVEKLAGITVPDRVNVIRVMLSELFRINSHLLYISTFIQDVGAMTPVFFAFTDRQKIYDLVEAITGFRMHPAWFRIGGVAHDLPRGWDRLLREFLDWMPKRLASYEKAALQNTILKGRSQGVAAYGAKEALEWGTTGAGLRATGIDFDVRKARPYSGYENFDFEIPVGGGVSDCYTRVMLKVEELRQSLRILEQCLNNMPEGPFKADHPLTTPPPKERTLQHIE,CUTTED263,0,IN,0.63,nonAMP,0,IN,0.63,nonABP,nonAMP,nonABP
LLKNKIRNFFTKVNPNLLFGLKKVYEPSENQKDSIISNKITHESTVQIPSSNWTNYSPIEKKMKDLSDRTITTRSQIERITKDKQKGFLTS,CUTTED2234,0,IN,0.91,nonAMP,1,IN,0.95,nonABP,nonAMP,nonABP
TQFGPNEDFNSYPRDIDKDFKYCMDSGATVVFNPSPEEMYLKGNCTTINVSGLTDFLCGAKRPVHFGGVCLVVS,CUTTED1891,0,IN,0.75,nonAMP,0,IN,0.71,nonABP,nonAMP,ABP
DHLAHKARAAGAQAVAGMEARGFIFGAAVAARMGLGFIPVRKPGKLPVKTIGIDYALEYGRDRL,CUTTED1875,0,IN,0.6,nonAMP,0,IN,0.62,nonABP,nonAMP,ABP
LSLGILISASFWRKESFILSVIYSLIYLSLGMVMLFISTLLMSRLLKLNFEEEVKKENFSASLVLGSITLGVSVVLYGAISGEFMGSLIFDLFSTVLYFVVSQVLMVIFYVVVEFLLFRKVILSSEVYENNLSASLILSATFIASAFITLAVM,CUTTED777,1,IN,0.68,nonAMP,2,OUT,0.52,ABP,nonAMP,nonABP
AHLGLTPQSVGVLGGYKVQGKDAESAKKLIEDAKKCEEAGAIALVLECVPMQLAELISEQLTIPTIGIGAGQ,CUTTED2365,0,IN,0.88,nonAMP,0,IN,0.86,nonABP,nonAMP,nonABP
PYQAVAIGQGYYTATEFLEKNYKEDLTIEDTILLALKALSATLKPNEKLTPNTVEIGYASTQTGLFLKMTSEDKNMYLQKLMTVAKAIFIKCGNLGTSMMMDMLLDERADREDVEFRVVGTSVKMDPECVEAAVEMALDIAEDFEPDFIVYGGPNPAAPGPSKAREMLADSEYPAVIIGDAPGLKVKDEMEEQGLGYILVKPDAMLGARREFLDPVEMAIYNADLMKVLAATGVFRVVQEAFDELIEKAKEDEISENDLPKLVIDRNTLLEREEFENPYAMVKAMAALEIAENVADVSVEGCFVEQDKERYVPIVASAHEMMRKAAELADEARELEKSN,CUTTED521,1,IN,0.93,nonAMP,0,IN,0.94,nonABP,nonAMP,nonABP
TLLGCENSDAILFGSVGGKKWDYLSIDKRPERAALLPLRKHFNLFSNLRPAKLYADLKYLSPLRSNIIKDGFDILCVRELTGGIYFGKPNGHSKKNDIEYAFDTEVYYDYEISRIAHLAFQLAR,CUTTED941,0,IN,0.65,nonAMP,0,IN,0.71,nonABP,nonAMP,nonABP
KASERVHVETGVFQAHMLVSLTNDGPVTILLDSRKQFMAKIVDIKGREVLDSRGNPTVEADVILDNGIVGSACAPSGASTGSREALELRDG,CUTTED9,0,IN,0.96,nonAMP,0,IN,1.0,nonABP,nonAMP,nonABP
GPSCPPPGGPYPAPTVPGPGPTGPYPTPNMPFPELPRPYGAPTDPAAAGPLGPWGSMSSGPWAPGMGGQYPTPNMPYPSPGPYPAPPPPQAPGAAPPVPWGTVPPGAWGP,CUTTED108,1,IN,0.5,AMP,0,IN,0.73,nonABP,AMP,ABP
ATLGIPLMRSQVGDRYVLEMLQCNGYSLGGESSGHIICLDRTTTGDGIVSALQVLVEMVATGHSLYELKSG,CUTTED963,0,IN,0.94,nonAMP,0,IN,0.91,nonABP,nonAMP,nonABP
EPEKSKVALVYGQMNEPPGARARVALSGLTIAESFRDMNEGQDVLFFVDNIFRFTQAGSEVSALLGRIPSAVGYQPTLATDM,CUTTED1814,0,IN,0.59,nonAMP,0,IN,0.54,nonABP,nonAMP,nonABP
MMRSLATAFAFATVIPTPGSATTPMGRGPMTALPVVGAALGALAAAIAWAGAQVFGPSSPLSGMLTVAVLLVVTRGLHIDGVADTADGLGCYGPPQRALAVMRDGSTGPFGVAAVVLVIALQGLAFATLTTVGIAGITLAVLSGRVTAVLVCRRLVPAAHGSTLGSRVAGTQPAPVV,CUTTED1496,0,IN,0.67,AMP,2,OUT,0.67,ABP,nonAMP,ABP
NFVQNVTDVDDPLFERAQRDGVDWQELGEEQTDLFRQDMANLGVIPPTSYIGAVEAIPDVIDMVSTLLDNGS,CUTTED1633,0,IN,0.93,nonAMP,0,IN,1.0,nonABP,nonAMP,nonABP
GEQIGIVSIDEALRVAEEAKLDLVEISADAVPPVCRIMDYGKHLFEKKKQVAAAKKNQKQVQI,CUTTED876,0,IN,0.94,nonAMP,0,IN,0.96,nonABP,nonAMP,nonABP
FGDGGADVLPLAGLSKRRVRAVARALGGDELIVMKVPTADLEELRPLRPDEHAYGVTYDEIDDFLEGKTVSDTVYETVLRFYDGSRHKRALPYTLFDWPTAMIKIINLKKFLFPWISTDISKIKLNSIKLNSKKIIKNDIFIALYGNCNHGKNFIFEAIKNGSSIILIETKNILKHGIIYFIKNIPIIYFYNLNYSLSELSGKFYLHPSRYMNVIGITGTN,CUTTED1201,0,IN,0.87,nonAMP,0,IN,0.89,nonABP,nonAMP,nonABP
DMTYLIEHLDIIKQFEQSQRGMPVEFATNPFGEAKNATSLPKYGTPVTAISSVLFNNVDSIFAYKSFSQPDLLHQDLKKWSEKRGNESRGKPFFQELDIRSGAGLAPLGFSHGLKNTTAIVAPGFSLPYFINSLKTVSHDGKFLLNVGALNYDNATGSVTNDYVTALDAASKLKYGVVTPISANEVQSVALLALAIATFSNNSGAINLFDGLNYSKTVLPLVESVPEASILAKLSKVIAPDAAFDDVLDKFNELTGLRLHNFQYF,CUTTED774,1,IN,0.79,nonAMP,0,IN,0.69,nonABP,nonAMP,nonABP
